Workbook
Name Fm: #REF!
Name JH: #REF!
Name KX: #REF!

Sheet Neutral General
A1: 2019 Recurring | H1: 2021 Recurring
A2: עד כמה אמירתו של יובל כי הוא גאה בשירותים שלו נתפסת כאותנטית בעיניך? | B2: עד כמה את/ה מאמין/ה לטענתו של יובל כי בנה את האוטובוס מתוך רצון לשמור על חופש ולא מתוך מצוקה כלכלית? | C2: האם לדעתך יובל הוא טיפוס חרוץ? | D2: האם לדעתך יובל הוא טיפוס יצירתי? | E2: עד כמה את/ה חושב/ת שיובל אוהב טבע? | F2: עד כמה מגוריו של יובל באוטובוס נתפסים בעיניך כחריגים? | G2: עד כמה את/ה חושב/ת שיובל מרוצה מסגנון חייו? | H2: עד כמה אמירתו של יובל כי הוא גאה בשירותים שלו נתפסת כאותנטית בעיניך? | I2: עד כמה את/ה מאמין/ה לטענתו של יובל כי בנה את האוטובוס מתוך רצון לשמור על חופש ולא מתוך מצוקה כלכלית? | J2: האם לדעתך יובל הוא טיפוס חרוץ? | K2: האם לדעתך יובל הוא טיפוס יצירתי? | L2: עד כמה את/ה חושב/ת שיובל אוהב טבע? | M2: עד כמה מגוריו של יובל באוטובוס נתפסים בעיניך כחריגים? | N2: עד כמה את/ה חושב/ת שיובל מרוצה מסגנון חייו?
A3: 63 | B3: 54 | C3: 72 | D3: 81 | E3: 86 | F3: 89 | G3: 87 | H3: 89 | I3: 65 | J3: 92 | K3: 96 | L3: 87 | M3: 92 | N3: 91
A4: 81 | B4: 33 | C4: 83 | D4: 100 | E4: 82 | F4: 25 | G4: 79 | H4: 98 | I4: 41 | J4: 85 | K4: 100 | L4: 86 | M4: 57 | N4: 77
A5: 71 | B5: 43 | C5: 53 | D5: 59 | E5: 76 | F5: 67 | G5: 77 | H5: 83 | I5: 56 | J5: 93 | K5: 57 | L5: 71 | M5: 76 | N5: 79
A6: 63 | B6: 35 | C6: 60 | D6: 61 | E6: 63 | F6: 67 | G6: 68 | H6: 69 | I6: 42 | J6: 71 | K6: 88 | L6: 75 | M6: 64 | N6: 87
A7: 79 | B7: 55 | C7: 78 | D7: 88 | E7: 78 | F7: 50 | G7: 67 | H7: 98 | I7: 68 | J7: 80 | K7: 79 | L7: 80 | M7: 59 | N7: 96
A8: 47 | B8: 11 | C8: 45 | D8: 76 | E8: 55 | F8: 95 | G8: 52 | H8: 45 | I8: 46 | J8: 54 | K8: 100 | L8: 67 | M8: 68 | N8: 48
A9: 83 | B9: 58 | C9: 85 | D9: 83 | E9: 64 | F9: 29 | G9: 95 | H9: 100 | I9: 81 | J9: 82 | K9: 84 | L9: 100 | M9: 42 | N9: 75
A10: 100 | B10: 80 | C10: 100 | D10: 49 | E10: 100 | F10: 49 | G10: 72 | H10: 100 | I10: 83 | J10: 100 | K10: 88 | L10: 100 | M10: 69 | N10: 65
A11: 60 | B11: 64 | C11: 17 | D11: 67 | E11: 66 | F11: 87 | G11: 42 | H11: 83 | I11: 35 | J11: 27 | K11: 85 | L11: 97 | M11: 89 | N11: 83
A12: 100 | B12: 100 | C12: 100 | D12: 100 | E12: 98 | F12: 16 | G12: 96 | H12: 100 | I12: 100 | J12: 97 | K12: 100 | L12: 100 | M12: 73 | N12: 100
A13: 0 | B13: 17 | C13: 85 | D13: 82 | E13: 62 | F13: 100 | G13: 19 | H13: 99 | I13: 29 | J13: 100 | K13: 100 | L13: 92 | M13: 97 | N13: 63
A14: 62 | B14: 88 | C14: 88 | D14: 83 | E14: 91 | F14: 78 | G14: 60 | H14: 84 | I14: 31 | J14: 83 | K14: 90 | L14: 73 | M14: 96 | N14: 60
... A23: 100 | B23: 33 | C23: 70 | D23: 91 | E23: 92 | F23: 16 | G23: 99 | H23: 94 | I23: 92 | J23: 76 | K23: 94 | L23: 88 | M23: 61 | N23: 91

Sheet Neutral  Ideology
A1: 2019 Recurring | C1: 2021 Recurring
A2: עד כמה מגוריו של יובל באוטובוס נתפסים בעיניך כחריגים? | B2: עד כמה אמירתו של יובל כי הוא גאה בשירותים שלו נתפסת כאותנטית בעיניך? | C2: עד כמה מגוריו של יובל באוטובוס נתפסים בעיניך כחריגים? | D2: עד כמה אמירתו של יובל כי הוא גאה בשירותים שלו נתפסת כאותנטית בעיניך?
A3: 89 | B3: 63 | C3: 92 | D3: 89 | F3: =AVERAGE(C3:D3) -> 90.5
A4: 25 | B4: 81 | C4: 57 | D4: 98 | F4: =AVERAGE(C4:D4) -> 77.5
A5: 67 | B5: 71 | C5: 76 | D5: 83 | F5: =AVERAGE(C5:D5) -> 79.5
A6: 67 | B6: 63 | C6: 64 | D6: 69 | F6: =AVERAGE(C6:D6) -> 66.5
A7: 50 | B7: 79 | C7: 59 | D7: 98 | F7: =AVERAGE(C7:D7) -> 78.5
A8: 95 | B8: 47 | C8: 68 | D8: 45 | F8: =AVERAGE(C8:D8) -> 56.5
A9: 29 | B9: 83 | C9: 42 | D9: 100 | F9: =AVERAGE(C9:D9) -> 71
A10: 49 | B10: 100 | C10: 69 | D10: 100 | F10: =AVERAGE(C10:D10) -> 84.5
A11: 87 | B11: 60 | C11: 89 | D11: 83 | F11: =AVERAGE(C11:D11) -> 86
A12: 16 | B12: 100 | C12: 73 | D12: 100 | F12: =AVERAGE(C12:D12) -> 86.5
A13: 100 | B13: 0 | C13: 97 | D13: 99 | F13: =AVERAGE(C13:D13) -> 98
A14: 78 | B14: 62 | C14: 96 | D14: 84 | F14: =AVERAGE(C14:D14) -> 90
... A23: 16 | B23: 100 | C23: 61 | D23: 94 | F23: =AVERAGE(C23:D23) -> 77.5

Sheet Neutral Ingroup
A1: 2019 Recurring | F1: 2019 Recurring
A2: עד כמה את/ה מאמין/ה לטענתו של יובל כי בנה את האוטובוס מתוך רצון לשמור על חופש ולא מתוך מצוקה כלכלית? | B2: האם לדעתך יובל הוא טיפוס חרוץ? | C2: האם לדעתך יובל הוא טיפוס יצירתי? | D2: עד כמה את/ה חושב/ת שיובל אוהב טבע? | E2: עד כמה את/ה חושב/ת שיובל מרוצה מסגנון חייו? | F2: עד כמה את/ה מאמין/ה לטענתו של יובל כי בנה את האוטובוס מתוך רצון לשמור על חופש ולא מתוך מצוקה כלכלית? | G2: האם לדעתך יובל הוא טיפוס חרוץ? | H2: האם לדעתך יובל הוא טיפוס יצירתי? | I2: עד כמה את/ה חושב/ת שיובל אוהב טבע? | J2: עד כמה את/ה חושב/ת שיובל מרוצה מסגנון חייו?
A3: 54 | B3: 72 | C3: 81 | D3: 86 | E3: 87 | F3: 65 | G3: 92 | H3: 96 | I3: 87 | J3: 91 | L3: =AVERAGE(F3:J3) -> 86.2
A4: 33 | B4: 83 | C4: 100 | D4: 82 | E4: 79 | F4: 41 | G4: 85 | H4: 100 | I4: 86 | J4: 77 | L4: =AVERAGE(F4:J4) -> 77.8
A5: 43 | B5: 53 | C5: 59 | D5: 76 | E5: 77 | F5: 56 | G5: 93 | H5: 57 | I5: 71 | J5: 79 | L5: =AVERAGE(F5:J5) -> 71.2
A6: 35 | B6: 60 | C6: 61 | D6: 63 | E6: 68 | F6: 42 | G6: 71 | H6: 88 | I6: 75 | J6: 87 | L6: =AVERAGE(F6:J6) -> 72.6 | M6: עד כמה את/ה מאמין/ה לטענתו של יובל כי בנה את האוטובוס מתוך רצון לשמור על חופש ולא מתוך מצוקה כלכלית?
A7: 55 | B7: 78 | C7: 88 | D7: 78 | E7: 67 | F7: 68 | G7: 80 | H7: 79 | I7: 80 | J7: 96 | L7: =AVERAGE(F7:J7) -> 80.6 | M7: האם לדעתך יובל הוא טיפוס חרוץ?
A8: 11 | B8: 45 | C8: 76 | D8: 55 | E8: 52 | F8: 46 | G8: 54 | H8: 100 | I8: 67 | J8: 48 | L8: =AVERAGE(F8:J8) -> 63 | M8: האם לדעתך יובל הוא טיפוס יצירתי?
A9: 58 | B9: 85 | C9: 83 | D9: 64 | E9: 95 | F9: 81 | G9: 82 | H9: 84 | I9: 100 | J9: 75 | L9: =AVERAGE(F9:J9) -> 84.4 | M9: עד כמה את/ה חושב/ת שיובל אוהב טבע?
A10: 80 | B10: 100 | C10: 49 | D10: 100 | E10: 72 | F10: 83 | G10: 100 | H10: 88 | I10: 100 | J10: 65 | L10: =AVERAGE(F10:J10) -> 87.2 | M10: עד כמה את/ה חושב/ת שיובל מרוצה מסגנון חייו?
A11: 64 | B11: 17 | C11: 67 | D11: 66 | E11: 42 | F11: 35 | G11: 27 | H11: 85 | I11: 97 | J11: 83 | L11: =AVERAGE(F11:J11) -> 65.4
A12: 100 | B12: 100 | C12: 100 | D12: 98 | E12: 96 | F12: 100 | G12: 97 | H12: 100 | I12: 100 | J12: 100 | L12: =AVERAGE(F12:J12) -> 99.4
A13: 17 | B13: 85 | C13: 82 | D13: 62 | E13: 19 | F13: 29 | G13: 100 | H13: 100 | I13: 92 | J13: 63 | L13: =AVERAGE(F13:J13) -> 76.8
A14: 88 | B14: 88 | C14: 83 | D14: 91 | E14: 60 | F14: 31 | G14: 83 | H14: 90 | I14: 73 | J14: 60 | L14: =AVERAGE(F14:J14) -> 67.4
A15: 57 | B15: 55 | C15: 54 | D15: 62 | E15: 57 | F15: 68 | G15: 100 | H15: 97 | I15: 82 | J15: 24 | L15: =AVERAGE(F15:J15) -> 74.2
A16: 68 | B16: 93 | C16: 88 | D16: 89 | E16: 79 | F16: 74 | G16: 87 | H16: 84 | I16: 92 | J16: 86 | L16: =AVERAGE(F16:J16) -> 84.6
A17: 82 | B17: 62 | C17: 100 | D17: 86 | E17: 73 | F17: 81 | G17: 73 | H17: 53 | I17: 54 | J17: 61 | L17: =AVERAGE(F17:J17) -> 64.4
A18: 72 | B18: 81 | C18: 85 | D18: 49 | E18: 77 | F18: 58 | G18: 74 | H18: 83 | I18: 66 | J18: 92 | L18: =AVERAGE(F18:J18) -> 74.6
A19: 100 | B19: 51 | C19: 76 | D19: 91 | E19: 61 | F19: 42 | G19: 81 | H19: 85 | I19: 79 | J19: 53 | L19: =AVERAGE(F19:J19) -> 68
A20: 79 | B20: 100 | C20: 100 | D20: 100 | E20: 86 | F20: 50 | G20: 100 | H20: 100 | I20: 77 | J20: 50 | L20: =AVERAGE(F20:J20) -> 75.4
A21: 88 | B21: 84 | C21: 94 | D21: 99 | E21: 93 | F21: 69 | G21: 91 | H21: 79 | I21: 95 | J21: 85 | L21: =AVERAGE(F21:J21) -> 83.8
A22: 21 | B22: 100 | C22: 100 | D22: 77 | E22: 81 | F22: 72 | G22: 100 | H22: 100 | I22: 69 | J22: 76 | L22: =AVERAGE(F22:J22) -> 83.4
A23: 33 | B23: 70 | C23: 91 | D23: 92 | E23: 99 | F23: 92 | G23: 76 | H23: 94 | I23: 88 | J23: 91 | L23: =AVERAGE(F23:J23) -> 88.2

Sheet Yamin Hadash General
A1: 2019 Recurring | D1: 2021 Recurring | G1: 2021 Only Once
A2: עד כמה את/ה מסכים/ה עם הטענה כי רק ייצוג מירבי של מפלגת הימין החדש יבטיח קואליציה שתשמור על מדיניות ימנית? | B2: עד כמה הדמויות הבאות נתפסות בעיניך כאמינות? 0 = דמות לא אמינה בכלל, 100 = דמות מאוד אמינה - נפתלי בנט | C2: עד כמה הדמויות הבאות נתפסות בעיניך כאמינות? 0 = דמות לא אמינה בכלל, 100 = דמות מאוד אמינה - איילת שקד | D2: עד כמה את/ה מסכים/ה עם הטענה כי רק ייצוג מירבי של מפלגת הימין החדש יבטיח קואליציה שתשמור על מדיניות ימנית? | E2: עד כמה הדמויות הבאות נתפסות בעיניך כאמינות? 0 = דמות לא אמינה בכלל, 100 = דמות מאוד אמינה - נפתלי בנט | F2: עד כמה הדמויות הבאות נתפסות בעיניך כאמינות? 0 = דמות לא אמינה בכלל, 100 = דמות מאוד אמינה - איילת שקד | G2: עד כמה דעתך על איילת שקד השתנתה מאז הצפייה בנאמר עליה בסרטון זה במרץ 2019? | H2: עד כמה הדעה שלך לגבי הסרטון בו בנט ושקד מתנגדים לנתניהו וחלוקת ירושלים השתנתה מאז צפית בו לראשונה במרץ 2019? | I2: עד כמה הדעה שלך כלפי נפתלי בנט השתנתה מאז מרץ 2019? | J2: עד כמה הדעה שלך כלפי איילת שקד השתנתה מאז מרץ 2019?
A3: 50 | B3: 39 | C3: 39 | D3: 60 | E3: 75 | F3: 75 | G3: 58 | H3: 2 | I3: 81 | J3: 1
A4: 0 | B4: 70 | C4: 60 | D4: 35 | E4: 90 | F4: 65 | G4: 16 | H4: 27 | I4: 95 | J4: 5
A5: 74 | B5: 65 | C5: 80 | D5: 46 | E5: 60 | F5: 50 | G5: 58 | H5: 0 | I5: 68 | J5: 40
A6: 65 | B6: 51 | C6: 50 | D6: 78 | E6: 10 | F6: 5 | G6: 24 | H6: 32 | I6: 55 | J6: 40
A7: 48 | B7: 0 | C7: 0 | D7: 60 | E7: 77 | F7: 7 | G7: 45 | H7: 60 | I7: 89 | J7: 50
A8: 0 | B8: 0 | C8: 5 | D8: 93 | E8: 49 | F8: 84 | G8: 65 | H8: 49 | I8: 94 | J8: 90
A9: 18 | B9: 5 | C9: 8 | D9: 0 | E9: 37 | F9: 20 | G9: 20 | H9: 11 | I9: 76 | J9: 65
A10: 100 | B10: 0 | C10: 0 | D10: 81 | E10: 100 | F10: 54 | G10: 83 | H10: 0 | I10: 100 | J10: 0
A11: 78 | B11: 50 | C11: 64 | D11: 36 | E11: 70 | F11: 32 | G11: 24 | H11: 33 | I11: 87 | J11: 2
A12: 31 | B12: 50 | C12: 100 | D12: 76 | E12: 50 | F12: 50 | G12: 8 | H12: 46 | I12: 58 | J12: 27
A13: 69 | B13: 90 | C13: 100 | D13: 0 | E13: 0 | F13: 15 | G13: 95 | H13: 100 | I13: 100 | J13: 94
A14: 66 | B14: 54 | C14: 55 | D14: 80 | E14: 69 | F14: 12 | G14: 89 | H14: 18 | I14: 83 | J14: 94
... A23: 87 | B23: 30 | C23: 30 | D23: 87 | E23: 65 | F23: 50 | G23: 13 | H23: 0 | I23: 26 | J23: 1
F26: t-values | G26: =(AVERAGE(G3:G23)/(STDEV(G3:G23)/SQRT(COUNT(G3:G23)))) -> 6.5900684 | H26: =(AVERAGE(H3:H23)/(STDEV(H3:H23)/SQRT(COUNT(H3:H23)))) -> 5.3206679 | I26: =(AVERAGE(I3:I23)/(STDEV(I3:I23)/SQRT(COUNT(I3:I23)))) -> 17.272977 | J26: =(AVERAGE(J3:J23)/(STDEV(J3:J23)/SQRT(COUNT(J3:J23)))) -> 5.8026719
F27: p-values | G27: =TDIST(G26, (COUNT(G3:G23) - 1), 2) -> 2.0275803e-06 | H27: =TDIST(H26, (COUNT(H3:H23) - 1), 2) -> 3.3034747e-05 | I27: =TDIST(I26, (COUNT(I3:I23) - 1), 2) -> 1.7375872e-13 | J27: =TDIST(J26, (COUNT(J3:J23) - 1), 2) -> 1.119596e-05
F29: average | G29: =AVERAGE(G3:G23) -> 47.095238 | H29: =AVERAGE(H3:H23) -> 38.142857 | I29: =AVERAGE(I3:I23) -> 78.809524 | J29: =AVERAGE(J3:J23) -> 46.714286

Sheet Yamin Hadash Ideology
A1: 2019 Recurring | B1: 2021 Recurring | C1: 2021 Only Once
A2: עד כמה את/ה מסכים/ה עם הטענה כי רק ייצוג מירבי של מפלגת הימין החדש יבטיח קואליציה שתשמור על מדיניות ימנית? | B2: עד כמה את/ה מסכים/ה עם הטענה כי רק ייצוג מירבי של מפלגת הימין החדש יבטיח קואליציה שתשמור על מדיניות ימנית? | C2: עד כמה הדעה שלך לגבי הסרטון בו בנט ושקד מתנגדים לנתניהו וחלוקת ירושלים השתנתה מאז צפית בו לראשונה במרץ 2019?
A3: 50 | B3: 60 | C3: 2 | E3: =AVERAGE(B3:C3) -> 31
A4: 0 | B4: 35 | C4: 27 | E4: =AVERAGE(B4:C4) -> 31
A5: 74 | B5: 46 | C5: 0 | E5: =AVERAGE(B5:C5) -> 23
A6: 65 | B6: 78 | C6: 32 | E6: =AVERAGE(B6:C6) -> 55
A7: 48 | B7: 60 | C7: 60 | E7: =AVERAGE(B7:C7) -> 60
A8: 0 | B8: 93 | C8: 49 | E8: =AVERAGE(B8:C8) -> 71
A9: 18 | B9: 0 | C9: 11 | E9: =AVERAGE(B9:C9) -> 5.5
A10: 100 | B10: 81 | C10: 0 | E10: =AVERAGE(B10:C10) -> 40.5
A11: 78 | B11: 36 | C11: 33 | E11: =AVERAGE(B11:C11) -> 34.5
A12: 31 | B12: 76 | C12: 46 | E12: =AVERAGE(B12:C12) -> 61
A13: 69 | B13: 0 | C13: 100 | E13: =AVERAGE(B13:C13) -> 50
A14: 66 | B14: 80 | C14: 18 | E14: =AVERAGE(B14:C14) -> 49
... A23: 87 | B23: 87 | C23: 0 | E23: =AVERAGE(B23:C23) -> 43.5
B26: t-values | C26: =(AVERAGE(C3:C23)/(STDEV(C3:C23)/SQRT(COUNT(C3:C23)))) -> 5.3206679
B27: p-values | C27: =TDIST(C26, (COUNT(C3:C23) - 1), 2) -> 3.3034747e-05

Sheet Yamin Hadash Ingroup
A1: 2019 Recurring | C1: 2019 Recurring | E1: 2021 Only Once
A2: עד כמה הדמויות הבאות נתפסות בעיניך כאמינות? 0 = דמות לא אמינה בכלל, 100 = דמות מאוד אמינה - נפתלי בנט | B2: עד כמה הדמויות הבאות נתפסות בעיניך כאמינות? 0 = דמות לא אמינה בכלל, 100 = דמות מאוד אמינה - איילת שקד | C2: עד כמה הדמויות הבאות נתפסות בעיניך כאמינות? 0 = דמות לא אמינה בכלל, 100 = דמות מאוד אמינה - נפתלי בנט | D2: עד כמה הדמויות הבאות נתפסות בעיניך כאמינות? 0 = דמות לא אמינה בכלל, 100 = דמות מאוד אמינה - איילת שקד | E2: עד כמה דעתך על איילת שקד השתנתה מאז הצפייה בנאמר עליה בסרטון זה במרץ 2019? | F2: עד כמה הדעה שלך כלפי נפתלי בנט השתנתה מאז מרץ 2019? | G2: עד כמה הדעה שלך כלפי איילת שקד השתנתה מאז מרץ 2019?
A3: 39 | B3: 39 | C3: 75 | D3: 75 | E3: 58 | F3: 81 | G3: 1 | I3: =AVERAGE(C3:G3) -> 58
A4: 70 | B4: 60 | C4: 90 | D4: 65 | E4: 16 | F4: 95 | G4: 5 | I4: =AVERAGE(C4:G4) -> 54.2
A5: 65 | B5: 80 | C5: 60 | D5: 50 | E5: 58 | F5: 68 | G5: 40 | I5: =AVERAGE(C5:G5) -> 55.2
A6: 51 | B6: 50 | C6: 10 | D6: 5 | E6: 24 | F6: 55 | G6: 40 | I6: =AVERAGE(C6:G6) -> 26.8
A7: 0 | B7: 0 | C7: 77 | D7: 7 | E7: 45 | F7: 89 | G7: 50 | I7: =AVERAGE(C7:G7) -> 53.6
A8: 0 | B8: 5 | C8: 49 | D8: 84 | E8: 65 | F8: 94 | G8: 90 | I8: =AVERAGE(C8:G8) -> 76.4
A9: 5 | B9: 8 | C9: 37 | D9: 20 | E9: 20 | F9: 76 | G9: 65 | I9: =AVERAGE(C9:G9) -> 43.6
A10: 0 | B10: 0 | C10: 100 | D10: 54 | E10: 83 | F10: 100 | G10: 0 | I10: =AVERAGE(C10:G10) -> 67.4
A11: 50 | B11: 64 | C11: 70 | D11: 32 | E11: 24 | F11: 87 | G11: 2 | I11: =AVERAGE(C11:G11) -> 43
A12: 50 | B12: 100 | C12: 50 | D12: 50 | E12: 8 | F12: 58 | G12: 27 | I12: =AVERAGE(C12:G12) -> 38.6
A13: 90 | B13: 100 | C13: 0 | D13: 15 | E13: 95 | F13: 100 | G13: 94 | I13: =AVERAGE(C13:G13) -> 60.8
A14: 54 | B14: 55 | C14: 69 | D14: 12 | E14: 89 | F14: 83 | G14: 94 | I14: =AVERAGE(C14:G14) -> 69.4
... A23: 30 | B23: 30 | C23: 65 | D23: 50 | E23: 13 | F23: 26 | G23: 1 | I23: =AVERAGE(C23:G23) -> 31
D26: t-values | E26: =(AVERAGE(E3:E23)/(STDEV(E3:E23)/SQRT(COUNT(E3:E23)))) -> 6.5900684 | F26: =(AVERAGE(F3:F23)/(STDEV(F3:F23)/SQRT(COUNT(F3:F23)))) -> 17.272977 | G26: =(AVERAGE(G3:G23)/(STDEV(G3:G23)/SQRT(COUNT(G3:G23)))) -> 5.8026719
D27: p-values | E27: =TDIST(E26, (COUNT(E3:E23) - 1), 2) -> 2.0275803e-06 | F27: =TDIST(F26, (COUNT(F3:F23) - 1), 2) -> 1.7375872e-13 | G27: =TDIST(G26, (COUNT(G3:G23) - 1), 2) -> 1.119596e-05

Sheet Gantz-Lapid General
A1: 2019 Recurring | X1: 2021 Recurring | AU1: 2021 Only Once
A2: עד כמה את/ה חושב/ת שלפיד מאמין שגנץ יהיה ראש ממשלה מצוין? | B2: עד כמה בני גנץ מעורר בך כל אחת מהתחושות הבאות?0 = כלל לא, 100 = מאוד - גאווה | C2: עד כמה בני גנץ מעורר בך כל אחת מהתחושות הבאות?0 = כלל לא, 100 = מאוד - תקווה | D2: עד כמה בני גנץ מעורר בך כל אחת מהתחושות הבאות?0 = כלל לא, 100 = מאוד - אהבה | E2: עד כמה בני גנץ מעורר בך כל אחת מהתחושות הבאות?0 = כלל לא, 100 = מאוד - כעס | F2: עד כמה בני גנץ מעורר בך כל אחת מהתחושות הבאות?0 = כלל לא, 100 = מאוד - בוז | G2: עד כמה בני גנץ מעורר בך כל אחת מהתחושות הבאות?0 = כלל לא, 100 = מאוד - שנאה | H2: עד כמה בני גנץ מעורר בך כל אחת מהתחושות הבאות?0 = כלל לא, 100 = מאוד - חרדה | I2: עד כמה בני גנץ מעורר בך כל אחת מהתחושות הבאות?0 = כלל לא, 100 = מאוד - ייאוש | J2: עד כמה בני גנץ מעורר בך כל אחת מהתחושות הבאות?0 = כלל לא, 100 = מאוד - אדישות | K2: עד כמה בני גנץ מעורר בך כל אחת מהתחושות הבאות?0 = כלל לא, 100 = מאוד - גועל | L2: עד כמה יאיר לפיד מעורר בך כל אחת מהתחושות הבאות?0 = כלל לא, 100 = מאוד - גאווה | M2: עד כמה יאיר לפיד מעורר בך כל אחת מהתחושות הבאות?0 = כלל לא, 100 = מאוד - תקווה | N2: עד כמה יאיר לפיד מעורר בך כל אחת מהתחושות הבאות?0 = כלל לא, 100 = מאוד - אהבה | O2: עד כמה יאיר לפיד מעורר בך כל אחת מהתחושות הבאות?0 = כלל לא, 100 = מאוד - כעס | P2: עד כמה יאיר לפיד מעורר בך כל אחת מהתחושות הבאות?0 = כלל לא, 100 = מאוד - בוז | Q2: עד כמה יאיר לפיד מעורר בך כל אחת מהתחושות הבאות?0 = כלל לא, 100 = מאוד - שנאה | R2: עד כמה יאיר לפיד מעורר בך כל אחת מהתחושות הבאות?0 = כלל לא, 100 = מאוד - חרדה | S2: עד כמה יאיר לפיד מעורר בך כל אחת מהתחושות הבאות?0 = כלל לא, 100 = מאוד - ייאוש | T2: עד כמה יאיר לפיד מעורר בך כל אחת מהתחושות הבאות?0 = כלל לא, 100 = מאוד - אדישות | U2: עד כמה יאיר לפיד מעורר בך כל אחת מהתחושות הבאות?0 = כלל לא, 100 = מאוד - גועל | V2: עד כמה הדמויות הבאות נתפסות בעיניך כאמינות? 0 = דמות לא אמינה בכלל, 100 = דמות מאוד אמינה - בני גנץ | W2: עד כמה הדמויות הבאות נתפסות בעיניך כאמינות? 0 = דמות לא אמינה בכלל, 100 = דמות מאוד אמינה - יאיר לפיד | X2: עד כמה את/ה חושב/ת שלפיד מאמין שגנץ יהיה ראש ממשלה מצוין? | Y2: עד כמה הדמויות הבאות נתפסות בעיניך כאמינות? 0 = דמות לא אמינה בכלל, 100 = דמות מאוד אמינה - בני גנץ | Z2: עד כמה הדמויות הבאות נתפסות בעיניך כאמינות? 0 = דמות לא אמינה בכלל, 100 = דמות מאוד אמינה - יאיר לפיד | AA2: עד כמה בני גנץ מעורר בך כל אחת מהתחושות הבאות?0 = כלל לא, 100 = מאוד - גאווה | AB2: עד כמה בני גנץ מעורר בך כל אחת מהתחושות הבאות?0 = כלל לא, 100 = מאוד - תקווה | AC2: עד כמה בני גנץ מעורר בך כל אחת מהתחושות הבאות?0 = כלל לא, 100 = מאוד - אהבה | AD2: עד כמה בני גנץ מעורר בך כל אחת מהתחושות הבאות?0 = כלל לא, 100 = מאוד - כעס | AE2: עד כמה בני גנץ מעורר בך כל אחת מהתחושות הבאות?0 = כלל לא, 100 = מאוד - בוז | AF2: עד כמה בני גנץ מעורר בך כל אחת מהתחושות הבאות?0 = כלל לא, 100 = מאוד - שנאה | AG2: עד כמה בני גנץ מעורר בך כל אחת מהתחושות הבאות?0 = כלל לא, 100 = מאוד - חרדה | AH2: עד כמה בני גנץ מעורר בך כל אחת מהתחושות הבאות?0 = כלל לא, 100 = מאוד - ייאוש | AI2: עד כמה בני גנץ מעורר בך כל אחת מהתחושות הבאות?0 = כלל לא, 100 = מאוד - אדישות | AJ2: עד כמה בני גנץ מעורר בך כל אחת מהתחושות הבאות?0 = כלל לא, 100 = מאוד - גועל | AK2: עד כמה יאיר לפיד מעורר בך כל אחת מהתחושות הבאות?0 = כלל לא, 100 = מאוד - גאווה | AL2: עד כמה יאיר לפיד מעורר בך כל אחת מהתחושות הבאות?0 = כלל לא, 100 = מאוד - תקווה | AM2: עד כמה יאיר לפיד מעורר בך כל אחת מהתחושות הבאות?0 = כלל לא, 100 = מאוד - אהבה | AN2: עד כמה יאיר לפיד מעורר בך כל אחת מהתחושות הבאות?0 = כלל לא, 100 = מאוד - כעס | AO2: עד כמה יאיר לפיד מעורר בך כל אחת מהתחושות הבאות?0 = כלל לא, 100 = מאוד - בוז | AP2: עד כמה יאיר לפיד מעורר בך כל אחת מהתחושות הבאות?0 = כלל לא, 100 = מאוד - שנאה | AQ2: עד כמה יאיר לפיד מעורר בך כל אחת מהתחושות הבאות?0 = כלל לא, 100 = מאוד - חרדה | AR2: עד כמה יאיר לפיד מעורר בך כל אחת מהתחושות הבאות?0 = כלל לא, 100 = מאוד - ייאוש | AS2: עד כמה יאיר לפיד מעורר בך כל אחת מהתחושות הבאות?0 = כלל לא, 100 = מאוד - אדישות | AT2: עד כמה יאיר לפיד מעורר בך כל אחת מהתחושות הבאות?0 = כלל לא, 100 = מאוד - גועל | AU2: עד כמה דעתך על הקטע בו מסופר 'מה ביבי חושב על גנץ' השתנתה מאז מרץ 2019? | AV2: עד כמה דעתך על ריאיון העבר של נתניהו, בו הוא מדבר על הבעייתיות בכהונת ראש ממשלה תחת כתבי אישום, השתנתה מאז מרץ 2019? | AW2: עד כמה דעתך כלפי הסרטון השתנתה מאז צפית בו לראשונה במרץ 2019? | AX2: עד כמה דעתך כלפי נאומו של גנץ השתנתה מאז מרץ 2019? | AY2: עד כמה דעתך כלפי נאומו של לפיד השתנתה מאז מרץ 2019? | AZ2: עד כמה דעתך כלפי לפיד השתנתה מאז מרץ 2019?
A3: 51 | B3: 10 | C3: 60 | D3: 10 | E3: 0 | F3: 30 | G3: 0 | H3: 0 | I3: 0 | J3: 50 | K3: 0 | L3: 60 | M3: 70 | N3: 0 | O3: 0 | P3: 20 | Q3: 0 | R3: 0 | S3: 0 | T3: 0 | U3: 0 | V3: 39 | W3: 61 | X3: 63 | Y3: 99 | Z3: 67 | AA3: 30 | AB3: 40 | AC3: 0 | AD3: 30 | AE3: 0 | AF3: 0 | AG3: 0 | AH3: 0 | AI3: 20 | AJ3: 0 | AK3: 35 | AL3: 40 | AM3: 0 | AN3: 20 | AO3: 20 | AP3: 0 | AQ3: 0 | AR3: 0 | AS3: 0 | AT3: 11 | AU3: 1 | AV3: 1 | AW3: 1 | AX3: 87 | AY3: 1 | AZ3: 70
A4: 44 | B4: 20 | C4: 70 | D4: 40 | E4: 0 | F4: 0 | G4: 0 | H4: 0 | I4: 0 | J4: 100 | K4: 0 | L4: 35 | M4: 70 | N4: 85 | O4: 0 | P4: 0 | Q4: 0 | R4: 0 | S4: 30 | T4: 55 | U4: 0 | V4: 30 | W4: 40 | X4: 60 | Y4: 85 | Z4: 70 | AA4: 30 | AB4: 30 | AC4: 60 | AD4: 0 | AE4: 0 | AF4: 0 | AG4: 0 | AH4: 0 | AI4: 50 | AJ4: 0 | AK4: 70 | AL4: 70 | AM4: 80 | AN4: 0 | AO4: 0 | AP4: 0 | AQ4: 0 | AR4: 0 | AS4: 0 | AT4: 0 | AU4: 97 | AV4: 3 | AW4: 77 | AX4: 14 | AY4: 16 | AZ4: 27
A5: 33 | B5: 0 | C5: 0 | D5: 0 | E5: 0 | F5: 60 | G5: 26 | H5: 0 | I5: 42 | J5: 90 | K5: 11 | L5: 0 | M5: 0 | N5: 0 | O5: 40 | P5: 80 | Q5: 60 | R5: 0 | S5: 40 | T5: 40 | U5: 60 | V5: 25 | W5: 20 | X5: 26 | Y5: 5 | Z5: 90 | AA5: 1 | AB5: 1 | AC5: 1 | AD5: 49 | AE5: 100 | AF5: 90 | AG5: 2 | AH5: 70 | AI5: 46 | AJ5: 12 | AK5: 60 | AL5: 60 | AM5: 60 | AN5: 2 | AO5: 40 | AP5: 5 | AQ5: 2 | AR5: 2 | AS5: 43 | AT5: 13 | AU5: 0 | AV5: 0 | AW5: 0 | AX5: 13 | AY5: 100 | AZ5: 100
A6: 65 | B6: 61 | C6: 71 | D6: 40 | E6: 16 | F6: 3 | G6: 2 | H6: 4 | I6: 11 | J6: 23 | K6: 3 | L6: 50 | M6: 70 | N6: 46 | O6: 17 | P6: 16 | Q6: 3 | R6: 20 | S6: 17 | T6: 29 | U6: 1 | V6: 90 | W6: 61 | X6: 35 | Y6: 40 | Z6: 50 | AA6: 12 | AB6: 38 | AC6: 38 | AD6: 4 | AE6: 7 | AF6: 3 | AG6: 31 | AH6: 5 | AI6: 38 | AJ6: 3 | AK6: 48 | AL6: 57 | AM6: 38 | AN6: 9 | AO6: 10 | AP6: 5 | AQ6: 8 | AR6: 13 | AS6: 32 | AT6: 7 | AU6: 33 | AV6: 20 | AW6: 16 | AX6: 34 | AY6: 65 | AZ6: 71
A7: 86 | B7: 19 | C7: 92 | D7: 34 | E7: 0 | F7: 0 | G7: 0 | H7: 0 | I7: 0 | J7: 0 | K7: 0 | L7: 0 | M7: 9 | N7: 0 | O7: 0 | P7: 0 | Q7: 0 | R7: 0 | S7: 0 | T7: 0 | U7: 0 | V7: 81 | W7: 64 | X7: 55 | Y7: 4 | Z7: 79 | AA7: 0 | AB7: 0 | AC7: 0 | AD7: 0 | AE7: 0 | AF7: 0 | AG7: 0 | AH7: 0 | AI7: 48 | AJ7: 0 | AK7: 57 | AL7: 56 | AM7: 9 | AN7: 0 | AO7: 0 | AP7: 0 | AQ7: 0 | AR7: 0 | AS7: 0 | AT7: 0 | AU7: 43 | AV7: 17 | AW7: 15 | AX7: 73 | AY7: 71 | AZ7: 74
A8: 58 | B8: 55 | C8: 80 | D8: 0 | E8: 0 | F8: 0 | G8: 0 | H8: 0 | I8: 0 | J8: 0 | K8: 0 | L8: 23 | M8: 75 | N8: 7 | O8: 0 | P8: 0 | Q8: 0 | R8: 0 | S8: 67 | T8: 0 | U8: 0 | V8: 59 | W8: 40 | X8: 25 | Y8: 90 | Z8: 49 | AA8: 65 | AB8: 42 | AC8: 29 | AD8: 12 | AE8: 0 | AF8: 0 | AG8: 0 | AH8: 0 | AI8: 9 | AJ8: 0 | AK8: 18 | AL8: 29 | AM8: 3 | AN8: 0 | AO8: 29 | AP8: 0 | AQ8: 0 | AR8: 8 | AS8: 0 | AT8: 0 | AU8: 69 | AV8: 0 | AW8: 26 | AX8: 68 | AY8: 38 | AZ8: 85
A9: 79 | B9: 20 | C9: 25 | D9: 5 | E9: 0 | F9: 3 | G9: 0 | H9: 8 | I9: 5 | J9: 15 | K9: 0 | L9: 5 | M9: 12 | N9: 0 | O9: 0 | P9: 5 | Q9: 0 | R9: 8 | S9: 3 | T9: 15 | U9: 3 | V9: 50 | W9: 30 | X9: 32 | Y9: 39 | Z9: 41 | AA9: 19 | AB9: 18 | AC9: 6 | AD9: 2 | AE9: 3 | AF9: 0 | AG9: 0 | AH9: 63 | AI9: 44 | AJ9: 5 | AK9: 64 | AL9: 60 | AM9: 25 | AN9: 4 | AO9: 14 | AP9: 2 | AQ9: 7 | AR9: 31 | AS9: 21 | AT9: 0 | AU9: 65 | AV9: 23 | AW9: 21 | AX9: 75 | AY9: 67 | AZ9: 81
A10: 76 | B10: 0 | C10: 100 | D10: 56 | E10: 0 | F10: 0 | G10: 0 | H10: 0 | I10: 0 | J10: 0 | K10: 0 | L10: 0 | M10: 0 | N10: 0 | O10: 0 | P10: 53 | Q10: 100 | R10: 0 | S10: 0 | T10: 100 | U10: 0 | V10: 82 | W10: 0 | X10: 0 | Y10: 52 | Z10: 53 | AA10: 0 | AB10: 0 | AC10: 0 | AD10: 100 | AE10: 100 | AF10: 100 | AG10: 51 | AH10: 100 | AI10: 100 | AJ10: 0 | AK10: 65 | AL10: 56 | AM10: 26 | AN10: 0 | AO10: 0 | AP10: 0 | AQ10: 0 | AR10: 0 | AS10: 0 | AT10: 0 | AU10: 0 | AV10: 0 | AW10: 0 | AX10: 0 | AY10: 35 | AZ10: 56
A11: 58 | B11: 18 | C11: 53 | D11: 32 | E11: 0 | F11: 0 | G11: 0 | H11: 0 | I11: 22 | J11: 54 | K11: 0 | L11: 13 | M11: 21 | N11: 0 | O11: 0 | P11: 41 | Q11: 0 | R11: 0 | S11: 48 | T11: 28 | U11: 29 | V11: 81 | W11: 38 | X11: 90 | Y11: 80 | Z11: 90 | AA11: 20 | AB11: 10 | AC11: 31 | AD11: 59 | AE11: 33 | AF11: 0 | AG11: 0 | AH11: 39 | AI11: 32 | AJ11: 0 | AK11: 71 | AL11: 90 | AM11: 14 | AN11: 0 | AO11: 40 | AP11: 0 | AQ11: 0 | AR11: 0 | AS11: 33 | AT11: 0 | AU11: 82 | AV11: 80 | AW11: 0 | AX11: 56 | AY11: 98 | AZ11: 95
A12: 93 | B12: 80 | C12: 50 | D12: 80 | E12: 40 | F12: 0 | G12: 0 | H12: 10 | I12: 60 | J12: 0 | K12: 0 | L12: 30 | M12: 50 | N12: 30 | O12: 50 | P12: 30 | Q12: 0 | R12: 20 | S12: 50 | T12: 30 | U12: 10 | V12: 100 | W12: 70 | X12: 14 | Y12: 5 | Z12: 90 | AA12: 0 | AB12: 5 | AC12: 10 | AD12: 70 | AE12: 90 | AF12: 51 | AG12: 50 | AH12: 100 | AI12: 30 | AJ12: 20 | AK12: 60 | AL12: 60 | AM12: 60 | AN12: 12 | AO12: 11 | AP12: 0 | AQ12: 0 | AR12: 0 | AS12: 0 | AT12: 10 | AU12: 78 | AV12: 0 | AW12: 28 | AX12: 100 | AY12: 80 | AZ12: 67
A13: 85 | B13: 30 | C13: 0 | D13: 0 | E13: 0 | F13: 50 | G13: 0 | H13: 30 | I13: 0 | J13: 0 | K13: 0 | L13: 0 | M13: 0 | N13: 0 | O13: 40 | P13: 60 | Q13: 0 | R13: 0 | S13: 0 | T13: 30 | U13: 10 | V13: 70 | W13: 18 | X13: 14 | Y13: 40 | Z13: 0 | AA13: 10 | AB13: 0 | AC13: 0 | AD13: 0 | AE13: 50 | AF13: 0 | AG13: 20 | AH13: 0 | AI13: 70 | AJ13: 0 | AK13: 0 | AL13: 0 | AM13: 0 | AN13: 30 | AO13: 40 | AP13: 0 | AQ13: 0 | AR13: 0 | AS13: 50 | AT13: 0 | AU13: 0 | AV13: 0 | AW13: 3 | AX13: 14 | AY13: 10 | AZ13: 12
A14: 18 | B14: 14 | C14: 14 | D14: 16 | E14: 16 | F14: 52 | G14: 15 | H14: 57 | I14: 19 | J14: 71 | K14: 8 | L14: 28 | M14: 20 | N14: 9 | O14: 69 | P14: 18 | Q14: 13 | R14: 62 | S14: 34 | T14: 27 | U14: 5 | V14: 52 | W14: 64 | X14: 29 | Y14: 50 | Z14: 67 | AA14: 7 | AB14: 3 | AC14: 4 | AD14: 71 | AE14: 18 | AF14: 41 | AG14: 60 | AH14: 60 | AI14: 2 | AJ14: 1 | AK14: 50 | AL14: 39 | AM14: 34 | AN14: 10 | AO14: 5 | AP14: 4 | AQ14: 25 | AR14: 60 | AS14: 2 | AT14: 2 | AU14: 19 | AV14: 10 | AW14: 5 | AX14: 33 | AY14: 65 | AZ14: 77
... A23: 91 | B23: 0 | C23: 30 | D23: 0 | E23: 0 | F23: 12 | G23: 0 | H23: 0 | I23: 0 | J23: 0 | K23: 0 | L23: 0 | M23: 31 | N23: 5 | O23: 0 | P23: 0 | Q23: 0 | R23: 0 | S23: 0 | T23: 0 | U23: 0 | V23: 70 | W23: 70 | X23: 91 | Y23: 65 | Z23: 90 | AA23: 0 | AB23: 0 | AC23: 0 | AD23: 0 | AE23: 20 | AF23: 0 | AG23: 0 | AH23: 20 | AI23: 50 | AJ23: 5 | AK23: 70 | AL23: 31 | AM23: 31 | AN23: 0 | AO23: 10 | AP23: 0 | AQ23: 0 | AR23: 0 | AS23: 5 | AT23: 0 | AU23: 0 | AV23: 0 | AW23: 0 | AX23: 100 | AY23: 75 | AZ23: 85
AT26: t-values | AU26: =(AVERAGE(AU3:AU23)/(STDEV(AU3:AU23)/SQRT(COUNT(AU3:AU23)))) -> 4.6915048 | AV26: =(AVERAGE(AV3:AV23)/(STDEV(AV3:AV23)/SQRT(COUNT(AV3:AV23)))) -> 3.4993877 | AW26: =(AVERAGE(AW3:AW23)/(STDEV(AW3:AW23)/SQRT(COUNT(AW3:AW23)))) -> 4.1090406 | AX26: =(AVERAGE(AX3:AX23)/(STDEV(AX3:AX23)/SQRT(COUNT(AX3:AX23)))) -> 7.0665643 | AY26: =(AVERAGE(AY3:AY23)/(STDEV(AY3:AY23)/SQRT(COUNT(AY3:AY23)))) -> 7.8303627 | AZ26: =(AVERAGE(AZ3:AZ23)/(STDEV(AZ3:AZ23)/SQRT(COUNT(AZ3:AZ23)))) -> 10.43023
AT27: p-values | AU27: =TDIST(AU26, (COUNT(AU3:AU23) - 1), 2) -> 0.00014015633 | AV27: =TDIST(AV26, (COUNT(AV3:AV23) - 1), 2) -> 0.0022583224 | AW27: =TDIST(AW26, (COUNT(AW3:AW23) - 1), 2) -> 0.0005451747 | AX27: =TDIST(AX26, (COUNT(AX3:AX23) - 1), 2) -> 7.4956416e-07 | AY27: =TDIST(AY26, (COUNT(AY3:AY23) - 1), 2) -> 1.6206167e-07 | AZ27: =TDIST(AZ26, (COUNT(AZ3:AZ23) - 1), 2) -> 1.5508532e-09
A35: עד כמה את/ה חושב/ת שלפיד מאמין שגנץ יהיה ראש ממשלה מצוין? | B35: עד כמה בני גנץ מעורר בך כל אחת מהתחושות הבאות?0 = כלל לא, 100 = מאוד - גאווה | C35: עד כמה בני גנץ מעורר בך כל אחת מהתחושות הבאות?0 = כלל לא, 100 = מאוד - תקווה | D35: עד כמה בני גנץ מעורר בך כל אחת מהתחושות הבאות?0 = כלל לא, 100 = מאוד - אהבה | E35: עד כמה בני גנץ מעורר בך כל אחת מהתחושות הבאות?0 = כלל לא, 100 = מאוד - כעס | F35: עד כמה בני גנץ מעורר בך כל אחת מהתחושות הבאות?0 = כלל לא, 100 = מאוד - בוז | G35: עד כמה בני גנץ מעורר בך כל אחת מהתחושות הבאות?0 = כלל לא, 100 = מאוד - שנאה | H35: עד כמה בני גנץ מעורר בך כל אחת מהתחושות הבאות?0 = כלל לא, 100 = מאוד - חרדה | I35: עד כמה בני גנץ מעורר בך כל אחת מהתחושות הבאות?0 = כלל לא, 100 = מאוד - ייאוש | J35: עד כמה בני גנץ מעורר בך כל אחת מהתחושות הבאות?0 = כלל לא, 100 = מאוד - אדישות | K35: עד כמה בני גנץ מעורר בך כל אחת מהתחושות הבאות?0 = כלל לא, 100 = מאוד - גועל | L35: עד כמה יאיר לפיד מעורר בך כל אחת מהתחושות הבאות?0 = כלל לא, 100 = מאוד - גאווה | M35: עד כמה יאיר לפיד מעורר בך כל אחת מהתחושות הבאות?0 = כלל לא, 100 = מאוד - תקווה | N35: עד כמה יאיר לפיד מעורר בך כל אחת מהתחושות הבאות?0 = כלל לא, 100 = מאוד - אהבה | O35: עד כמה יאיר לפיד מעורר בך כל אחת מהתחושות הבאות?0 = כלל לא, 100 = מאוד - כעס | P35: עד כמה יאיר לפיד מעורר בך כל אחת מהתחושות הבאות?0 = כלל לא, 100 = מאוד - בוז | Q35: עד כמה יאיר לפיד מעורר בך כל אחת מהתחושות הבאות?0 = כלל לא, 100 = מאוד - שנאה | R35: עד כמה יאיר לפיד מעורר בך כל אחת מהתחושות הבאות?0 = כלל לא, 100 = מאוד - חרדה | S35: עד כמה יאיר לפיד מעורר בך כל אחת מהתחושות הבאות?0 = כלל לא, 100 = מאוד - ייאוש | T35: עד כמה יאיר לפיד מעורר בך כל אחת מהתחושות הבאות?0 = כלל לא, 100 = מאוד - אדישות | U35: עד כמה יאיר לפיד מעורר בך כל אחת מהתחושות הבאות?0 = כלל לא, 100 = מאוד - גועל | V35: עד כמה הדמויות הבאות נתפסות בעיניך כאמינות? 0 = דמות לא אמינה בכלל, 100 = דמות מאוד אמינה - בני גנץ | W35: עד כמה הדמויות הבאות נתפסות בעיניך כאמינות? 0 = דמות לא אמינה בכלל, 100 = דמות מאוד אמינה - יאיר לפיד
A37: עד כמה את/ה חושב/ת שלפיד מאמין שגנץ יהיה ראש ממשלה מצוין? | B37: עד כמה הדמויות הבאות נתפסות בעיניך כאמינות? 0 = דמות לא אמינה בכלל, 100 = דמות מאוד אמינה - בני גנץ | C37: עד כמה הדמויות הבאות נתפסות בעיניך כאמינות? 0 = דמות לא אמינה בכלל, 100 = דמות מאוד אמינה - יאיר לפיד | D37: עד כמה בני גנץ מעורר בך כל אחת מהתחושות הבאות?0 = כלל לא, 100 = מאוד - גאווה | E37: עד כמה בני גנץ מעורר בך כל אחת מהתחושות הבאות?0 = כלל לא, 100 = מאוד - תקווה | F37: עד כמה בני גנץ מעורר בך כל אחת מהתחושות הבאות?0 = כלל לא, 100 = מאוד - אהבה | G37: עד כמה בני גנץ מעורר בך כל אחת מהתחושות הבאות?0 = כלל לא, 100 = מאוד - כעס | H37: עד כמה בני גנץ מעורר בך כל אחת מהתחושות הבאות?0 = כלל לא, 100 = מאוד - בוז | I37: עד כמה בני גנץ מעורר בך כל אחת מהתחושות הבאות?0 = כלל לא, 100 = מאוד - שנאה | J37: עד כמה בני גנץ מעורר בך כל אחת מהתחושות הבאות?0 = כלל לא, 100 = מאוד - חרדה | K37: עד כמה בני גנץ מעורר בך כל אחת מהתחושות הבאות?0 = כלל לא, 100 = מאוד - ייאוש | L37: עד כמה בני גנץ מעורר בך כל אחת מהתחושות הבאות?0 = כלל לא, 100 = מאוד - אדישות | M37: עד כמה בני גנץ מעורר בך כל אחת מהתחושות הבאות?0 = כלל לא, 100 = מאוד - גועל | N37: עד כמה יאיר לפיד מעורר בך כל אחת מהתחושות הבאות?0 = כלל לא, 100 = מאוד - גאווה | O37: עד כמה יאיר לפיד מעורר בך כל אחת מהתחושות הבאות?0 = כלל לא, 100 = מאוד - תקווה | P37: עד כמה יאיר לפיד מעורר בך כל אחת מהתחושות הבאות?0 = כלל לא, 100 = מאוד - אהבה | Q37: עד כמה יאיר לפיד מעורר בך כל אחת מהתחושות הבאות?0 = כלל לא, 100 = מאוד - כעס | R37: עד כמה יאיר לפיד מעורר בך כל אחת מהתחושות הבאות?0 = כלל לא, 100 = מאוד - בוז | S37: עד כמה יאיר לפיד מעורר בך כל אחת מהתחושות הבאות?0 = כלל לא, 100 = מאוד - שנאה | T37: עד כמה יאיר לפיד מעורר בך כל אחת מהתחושות הבאות?0 = כלל לא, 100 = מאוד - חרדה | U37: עד כמה יאיר לפיד מעורר בך כל אחת מהתחושות הבאות?0 = כלל לא, 100 = מאוד - ייאוש | V37: עד כמה יאיר לפיד מעורר בך כל אחת מהתחושות הבאות?0 = כלל לא, 100 = מאוד - אדישות | W37: עד כמה יאיר לפיד מעורר בך כל אחת מהתחושות הבאות?0 = כלל לא, 100 = מאוד - גועל

Sheet Gantz-Lapid Ideology
A1: 2021 Only Once
A2: עד כמה דעתך על ריאיון העבר של נתניהו, בו הוא מדבר על הבעייתיות בכהונת ראש ממשלה תחת כתבי אישום, השתנתה מאז מרץ 2019? | B2: עד כמה דעתך כלפי הסרטון השתנתה מאז צפית בו לראשונה במרץ 2019? | C2: עד כמה דעתך כלפי נאומו של לפיד השתנתה מאז מרץ 2019? | D2: עד כמה דעתך כלפי נאומו של גנץ השתנתה מאז מרץ 2019?
A3: 1 | B3: 1 | C3: 1 | D3: 87 | F3: =AVERAGE(A3:D3) -> 22.5
A4: 3 | B4: 77 | C4: 16 | D4: 14 | F4: =AVERAGE(A4:D4) -> 27.5
A5: 0 | B5: 0 | C5: 100 | D5: 13 | F5: =AVERAGE(A5:D5) -> 28.25
A6: 20 | B6: 16 | C6: 65 | D6: 34 | F6: =AVERAGE(A6:D6) -> 33.75
A7: 17 | B7: 15 | C7: 71 | D7: 73 | F7: =AVERAGE(A7:D7) -> 44
A8: 0 | B8: 26 | C8: 38 | D8: 68 | F8: =AVERAGE(A8:D8) -> 33
A9: 23 | B9: 21 | C9: 67 | D9: 75 | F9: =AVERAGE(A9:D9) -> 46.5
A10: 0 | B10: 0 | C10: 35 | D10: 0 | F10: =AVERAGE(A10:D10) -> 8.75
A11: 80 | B11: 0 | C11: 98 | D11: 56 | F11: =AVERAGE(A11:D11) -> 58.5
A12: 0 | B12: 28 | C12: 80 | D12: 100 | F12: =AVERAGE(A12:D12) -> 52
A13: 0 | B13: 3 | C13: 10 | D13: 14 | F13: =AVERAGE(A13:D13) -> 6.75
A14: 10 | B14: 5 | C14: 65 | D14: 33 | F14: =AVERAGE(A14:D14) -> 28.25
... A23: 0 | B23: 0 | C23: 75 | D23: 100 | F23: =AVERAGE(A23:D23) -> 43.75
A26: =(AVERAGE(A3:A23)/(STDEV(A3:A23)/SQRT(COUNT(A3:A23)))) -> 3.4993877 | B26: =(AVERAGE(B3:B23)/(STDEV(B3:B23)/SQRT(COUNT(B3:B23)))) -> 4.1090406 | C26: =(AVERAGE(C3:C23)/(STDEV(C3:C23)/SQRT(COUNT(C3:C23)))) -> 7.8303627 | D26: =(AVERAGE(D3:D23)/(STDEV(D3:D23)/SQRT(COUNT(D3:D23)))) -> 7.0665643 | F26: t-values
A27: =TDIST(A26, (COUNT(A3:A23) - 1), 2) -> 0.0022583224 | B27: =TDIST(B26, (COUNT(B3:B23) - 1), 2) -> 0.0005451747 | C27: =TDIST(C26, (COUNT(C3:C23) - 1), 2) -> 1.6206167e-07 | D27: =TDIST(D26, (COUNT(D3:D23) - 1), 2) -> 7.4956416e-07 | F27: p-values

Sheet Gantz-Lapid Ingroup
A1: 2019 Recurring | X1: 2019 Recurring | AU1: 2021 Only Once
A2: עד כמה את/ה חושב/ת שלפיד מאמין שגנץ יהיה ראש ממשלה מצוין? | B2: עד כמה בני גנץ מעורר בך כל אחת מהתחושות הבאות?0 = כלל לא, 100 = מאוד - גאווה | C2: עד כמה בני גנץ מעורר בך כל אחת מהתחושות הבאות?0 = כלל לא, 100 = מאוד - תקווה | D2: עד כמה בני גנץ מעורר בך כל אחת מהתחושות הבאות?0 = כלל לא, 100 = מאוד - אהבה | E2: עד כמה בני גנץ מעורר בך כל אחת מהתחושות הבאות?0 = כלל לא, 100 = מאוד - כעס | F2: עד כמה בני גנץ מעורר בך כל אחת מהתחושות הבאות?0 = כלל לא, 100 = מאוד - בוז | G2: עד כמה בני גנץ מעורר בך כל אחת מהתחושות הבאות?0 = כלל לא, 100 = מאוד - שנאה | H2: עד כמה בני גנץ מעורר בך כל אחת מהתחושות הבאות?0 = כלל לא, 100 = מאוד - חרדה | I2: עד כמה בני גנץ מעורר בך כל אחת מהתחושות הבאות?0 = כלל לא, 100 = מאוד - ייאוש | J2: עד כמה בני גנץ מעורר בך כל אחת מהתחושות הבאות?0 = כלל לא, 100 = מאוד - אדישות | K2: עד כמה בני גנץ מעורר בך כל אחת מהתחושות הבאות?0 = כלל לא, 100 = מאוד - גועל | L2: עד כמה יאיר לפיד מעורר בך כל אחת מהתחושות הבאות?0 = כלל לא, 100 = מאוד - גאווה | M2: עד כמה יאיר לפיד מעורר בך כל אחת מהתחושות הבאות?0 = כלל לא, 100 = מאוד - תקווה | N2: עד כמה יאיר לפיד מעורר בך כל אחת מהתחושות הבאות?0 = כלל לא, 100 = מאוד - אהבה | O2: עד כמה יאיר לפיד מעורר בך כל אחת מהתחושות הבאות?0 = כלל לא, 100 = מאוד - כעס | P2: עד כמה יאיר לפיד מעורר בך כל אחת מהתחושות הבאות?0 = כלל לא, 100 = מאוד - בוז | Q2: עד כמה יאיר לפיד מעורר בך כל אחת מהתחושות הבאות?0 = כלל לא, 100 = מאוד - שנאה | R2: עד כמה יאיר לפיד מעורר בך כל אחת מהתחושות הבאות?0 = כלל לא, 100 = מאוד - חרדה | S2: עד כמה יאיר לפיד מעורר בך כל אחת מהתחושות הבאות?0 = כלל לא, 100 = מאוד - ייאוש | T2: עד כמה יאיר לפיד מעורר בך כל אחת מהתחושות הבאות?0 = כלל לא, 100 = מאוד - אדישות | U2: עד כמה יאיר לפיד מעורר בך כל אחת מהתחושות הבאות?0 = כלל לא, 100 = מאוד - גועל | V2: עד כמה הדמויות הבאות נתפסות בעיניך כאמינות? 0 = דמות לא אמינה בכלל, 100 = דמות מאוד אמינה - בני גנץ | W2: עד כמה הדמויות הבאות נתפסות בעיניך כאמינות? 0 = דמות לא אמינה בכלל, 100 = דמות מאוד אמינה - יאיר לפיד | X2: עד כמה את/ה חושב/ת שלפיד מאמין שגנץ יהיה ראש ממשלה מצוין? | Y2: עד כמה הדמויות הבאות נתפסות בעיניך כאמינות? 0 = דמות לא אמינה בכלל, 100 = דמות מאוד אמינה - בני גנץ | Z2: עד כמה הדמויות הבאות נתפסות בעיניך כאמינות? 0 = דמות לא אמינה בכלל, 100 = דמות מאוד אמינה - יאיר לפיד | AA2: עד כמה בני גנץ מעורר בך כל אחת מהתחושות הבאות?0 = כלל לא, 100 = מאוד - גאווה | AB2: עד כמה בני גנץ מעורר בך כל אחת מהתחושות הבאות?0 = כלל לא, 100 = מאוד - תקווה | AC2: עד כמה בני גנץ מעורר בך כל אחת מהתחושות הבאות?0 = כלל לא, 100 = מאוד - אהבה | AD2: עד כמה בני גנץ מעורר בך כל אחת מהתחושות הבאות?0 = כלל לא, 100 = מאוד - כעס | AE2: עד כמה בני גנץ מעורר בך כל אחת מהתחושות הבאות?0 = כלל לא, 100 = מאוד - בוז | AF2: עד כמה בני גנץ מעורר בך כל אחת מהתחושות הבאות?0 = כלל לא, 100 = מאוד - שנאה | AG2: עד כמה בני גנץ מעורר בך כל אחת מהתחושות הבאות?0 = כלל לא, 100 = מאוד - חרדה | AH2: עד כמה בני גנץ מעורר בך כל אחת מהתחושות הבאות?0 = כלל לא, 100 = מאוד - ייאוש | AI2: עד כמה בני גנץ מעורר בך כל אחת מהתחושות הבאות?0 = כלל לא, 100 = מאוד - אדישות | AJ2: עד כמה בני גנץ מעורר בך כל אחת מהתחושות הבאות?0 = כלל לא, 100 = מאוד - גועל | AK2: עד כמה יאיר לפיד מעורר בך כל אחת מהתחושות הבאות?0 = כלל לא, 100 = מאוד - גאווה | AL2: עד כמה יאיר לפיד מעורר בך כל אחת מהתחושות הבאות?0 = כלל לא, 100 = מאוד - תקווה | AM2: עד כמה יאיר לפיד מעורר בך כל אחת מהתחושות הבאות?0 = כלל לא, 100 = מאוד - אהבה | AN2: עד כמה יאיר לפיד מעורר בך כל אחת מהתחושות הבאות?0 = כלל לא, 100 = מאוד - כעס | AO2: עד כמה יאיר לפיד מעורר בך כל אחת מהתחושות הבאות?0 = כלל לא, 100 = מאוד - בוז | AP2: עד כמה יאיר לפיד מעורר בך כל אחת מהתחושות הבאות?0 = כלל לא, 100 = מאוד - שנאה | AQ2: עד כמה יאיר לפיד מעורר בך כל אחת מהתחושות הבאות?0 = כלל לא, 100 = מאוד - חרדה | AR2: עד כמה יאיר לפיד מעורר בך כל אחת מהתחושות הבאות?0 = כלל לא, 100 = מאוד - ייאוש | AS2: עד כמה יאיר לפיד מעורר בך כל אחת מהתחושות הבאות?0 = כלל לא, 100 = מאוד - אדישות | AT2: עד כמה יאיר לפיד מעורר בך כל אחת מהתחושות הבאות?0 = כלל לא, 100 = מאוד - גועל | AU2: עד כמה דעתך על הקטע בו מסופר 'מה ביבי חושב על גנץ' השתנתה מאז מרץ 2019? | AV2: עד כמה דעתך כלפי לפיד השתנתה מאז מרץ 2019? | BA2: average_gantz_differences_abed
A3: 51 | B3: 10 | C3: 60 | D3: 10 | E3: 0 | F3: 30 | G3: 0 | H3: 0 | I3: 0 | J3: 50 | K3: 0 | L3: 60 | M3: 70 | N3: 0 | O3: 0 | P3: 20 | Q3: 0 | R3: 0 | S3: 0 | T3: 0 | U3: 0 | V3: 39 | W3: 61 | X3: 63 | Y3: 99 | Z3: 67 | AA3: 30 | AB3: 40 | AC3: 0 | AD3: 30 | AE3: 0 | AF3: 0 | AG3: 0 | AH3: 0 | AI3: 20 | AJ3: 0 | AK3: 35 | AL3: 40 | AM3: 0 | AN3: 20 | AO3: 20 | AP3: 0 | AQ3: 0 | AR3: 0 | AS3: 0 | AT3: 11 | AU3: 1 | AV3: 70 | AX3: =AVERAGE(X3:AV3) -> 21.84 | BA3: 33.545455
A4: 44 | B4: 20 | C4: 70 | D4: 40 | E4: 0 | F4: 0 | G4: 0 | H4: 0 | I4: 0 | J4: 100 | K4: 0 | L4: 35 | M4: 70 | N4: 85 | O4: 0 | P4: 0 | Q4: 0 | R4: 0 | S4: 30 | T4: 55 | U4: 0 | V4: 30 | W4: 40 | X4: 60 | Y4: 85 | Z4: 70 | AA4: 30 | AB4: 30 | AC4: 60 | AD4: 0 | AE4: 0 | AF4: 0 | AG4: 0 | AH4: 0 | AI4: 50 | AJ4: 0 | AK4: 70 | AL4: 70 | AM4: 80 | AN4: 0 | AO4: 0 | AP4: 0 | AQ4: 0 | AR4: 0 | AS4: 0 | AT4: 0 | AU4: 97 | AV4: 27 | AX4: =AVERAGE(X4:AV4) -> 29.16 | BA4: 31.818182
A5: 33 | B5: 0 | C5: 0 | D5: 0 | E5: 0 | F5: 60 | G5: 26 | H5: 0 | I5: 42 | J5: 90 | K5: 11 | L5: 0 | M5: 0 | N5: 0 | O5: 40 | P5: 80 | Q5: 60 | R5: 0 | S5: 40 | T5: 40 | U5: 60 | V5: 25 | W5: 20 | X5: 26 | Y5: 5 | Z5: 90 | AA5: 1 | AB5: 1 | AC5: 1 | AD5: 49 | AE5: 100 | AF5: 90 | AG5: 2 | AH5: 70 | AI5: 46 | AJ5: 12 | AK5: 60 | AL5: 60 | AM5: 60 | AN5: 2 | AO5: 40 | AP5: 5 | AQ5: 2 | AR5: 2 | AS5: 43 | AT5: 13 | AU5: 0 | AV5: 100 | AX5: =AVERAGE(X5:AV5) -> 35.2 | BA5: 40.181818
A6: 65 | B6: 61 | C6: 71 | D6: 40 | E6: 16 | F6: 3 | G6: 2 | H6: 4 | I6: 11 | J6: 23 | K6: 3 | L6: 50 | M6: 70 | N6: 46 | O6: 17 | P6: 16 | Q6: 3 | R6: 20 | S6: 17 | T6: 29 | U6: 1 | V6: 90 | W6: 61 | X6: 35 | Y6: 40 | Z6: 50 | AA6: 12 | AB6: 38 | AC6: 38 | AD6: 4 | AE6: 7 | AF6: 3 | AG6: 31 | AH6: 5 | AI6: 38 | AJ6: 3 | AK6: 48 | AL6: 57 | AM6: 38 | AN6: 9 | AO6: 10 | AP6: 5 | AQ6: 8 | AR6: 13 | AS6: 32 | AT6: 7 | AU6: 33 | AV6: 71 | AX6: =AVERAGE(X6:AV6) -> 25.4 | BA6: 18.909091
A7: 86 | B7: 19 | C7: 92 | D7: 34 | E7: 0 | F7: 0 | G7: 0 | H7: 0 | I7: 0 | J7: 0 | K7: 0 | L7: 0 | M7: 9 | N7: 0 | O7: 0 | P7: 0 | Q7: 0 | R7: 0 | S7: 0 | T7: 0 | U7: 0 | V7: 81 | W7: 64 | X7: 55 | Y7: 4 | Z7: 79 | AA7: 0 | AB7: 0 | AC7: 0 | AD7: 0 | AE7: 0 | AF7: 0 | AG7: 0 | AH7: 0 | AI7: 48 | AJ7: 0 | AK7: 57 | AL7: 56 | AM7: 9 | AN7: 0 | AO7: 0 | AP7: 0 | AQ7: 0 | AR7: 0 | AS7: 0 | AT7: 0 | AU7: 43 | AV7: 74 | AX7: =AVERAGE(X7:AV7) -> 17 | BA7: 9.6363636
A8: 58 | B8: 55 | C8: 80 | D8: 0 | E8: 0 | F8: 0 | G8: 0 | H8: 0 | I8: 0 | J8: 0 | K8: 0 | L8: 23 | M8: 75 | N8: 7 | O8: 0 | P8: 0 | Q8: 0 | R8: 0 | S8: 67 | T8: 0 | U8: 0 | V8: 59 | W8: 40 | X8: 25 | Y8: 90 | Z8: 49 | AA8: 65 | AB8: 42 | AC8: 29 | AD8: 12 | AE8: 0 | AF8: 0 | AG8: 0 | AH8: 0 | AI8: 9 | AJ8: 0 | AK8: 18 | AL8: 29 | AM8: 3 | AN8: 0 | AO8: 29 | AP8: 0 | AQ8: 0 | AR8: 8 | AS8: 0 | AT8: 0 | AU8: 69 | AV8: 85 | AX8: =AVERAGE(X8:AV8) -> 22.48 | BA8: 24.727273
A9: 79 | B9: 20 | C9: 25 | D9: 5 | E9: 0 | F9: 3 | G9: 0 | H9: 8 | I9: 5 | J9: 15 | K9: 0 | L9: 5 | M9: 12 | N9: 0 | O9: 0 | P9: 5 | Q9: 0 | R9: 8 | S9: 3 | T9: 15 | U9: 3 | V9: 50 | W9: 30 | X9: 32 | Y9: 39 | Z9: 41 | AA9: 19 | AB9: 18 | AC9: 6 | AD9: 2 | AE9: 3 | AF9: 0 | AG9: 0 | AH9: 63 | AI9: 44 | AJ9: 5 | AK9: 64 | AL9: 60 | AM9: 25 | AN9: 4 | AO9: 14 | AP9: 2 | AQ9: 7 | AR9: 31 | AS9: 21 | AT9: 0 | AU9: 65 | AV9: 81 | AX9: =AVERAGE(X9:AV9) -> 25.84 | BA9: 17.272727
A10: 76 | B10: 0 | C10: 100 | D10: 56 | E10: 0 | F10: 0 | G10: 0 | H10: 0 | I10: 0 | J10: 0 | K10: 0 | L10: 0 | M10: 0 | N10: 0 | O10: 0 | P10: 53 | Q10: 100 | R10: 0 | S10: 0 | T10: 100 | U10: 0 | V10: 82 | W10: 0 | X10: 0 | Y10: 52 | Z10: 53 | AA10: 0 | AB10: 0 | AC10: 0 | AD10: 100 | AE10: 100 | AF10: 100 | AG10: 51 | AH10: 100 | AI10: 100 | AJ10: 0 | AK10: 65 | AL10: 56 | AM10: 26 | AN10: 0 | AO10: 0 | AP10: 0 | AQ10: 0 | AR10: 0 | AS10: 0 | AT10: 0 | AU10: 0 | AV10: 56 | AX10: =AVERAGE(X10:AV10) -> 34.36 | BA10: 59.909091
A11: 58 | B11: 18 | C11: 53 | D11: 32 | E11: 0 | F11: 0 | G11: 0 | H11: 0 | I11: 22 | J11: 54 | K11: 0 | L11: 13 | M11: 21 | N11: 0 | O11: 0 | P11: 41 | Q11: 0 | R11: 0 | S11: 48 | T11: 28 | U11: 29 | V11: 81 | W11: 38 | X11: 90 | Y11: 80 | Z11: 90 | AA11: 20 | AB11: 10 | AC11: 31 | AD11: 59 | AE11: 33 | AF11: 0 | AG11: 0 | AH11: 39 | AI11: 32 | AJ11: 0 | AK11: 71 | AL11: 90 | AM11: 14 | AN11: 0 | AO11: 40 | AP11: 0 | AQ11: 0 | AR11: 0 | AS11: 33 | AT11: 0 | AU11: 82 | AV11: 95 | AX11: =AVERAGE(X11:AV11) -> 36.36 | BA11: 32.909091
A12: 93 | B12: 80 | C12: 50 | D12: 80 | E12: 40 | F12: 0 | G12: 0 | H12: 10 | I12: 60 | J12: 0 | K12: 0 | L12: 30 | M12: 50 | N12: 30 | O12: 50 | P12: 30 | Q12: 0 | R12: 20 | S12: 50 | T12: 30 | U12: 10 | V12: 100 | W12: 70 | X12: 14 | Y12: 5 | Z12: 90 | AA12: 0 | AB12: 5 | AC12: 10 | AD12: 70 | AE12: 90 | AF12: 51 | AG12: 50 | AH12: 100 | AI12: 30 | AJ12: 20 | AK12: 60 | AL12: 60 | AM12: 60 | AN12: 12 | AO12: 11 | AP12: 0 | AQ12: 0 | AR12: 0 | AS12: 0 | AT12: 10 | AU12: 78 | AV12: 67 | AX12: =AVERAGE(X12:AV12) -> 35.72 | BA12: 49
A13: 85 | B13: 30 | C13: 0 | D13: 0 | E13: 0 | F13: 50 | G13: 0 | H13: 30 | I13: 0 | J13: 0 | K13: 0 | L13: 0 | M13: 0 | N13: 0 | O13: 40 | P13: 60 | Q13: 0 | R13: 0 | S13: 0 | T13: 30 | U13: 10 | V13: 70 | W13: 18 | X13: 14 | Y13: 40 | Z13: 0 | AA13: 10 | AB13: 0 | AC13: 0 | AD13: 0 | AE13: 50 | AF13: 0 | AG13: 20 | AH13: 0 | AI13: 70 | AJ13: 0 | AK13: 0 | AL13: 0 | AM13: 0 | AN13: 30 | AO13: 40 | AP13: 0 | AQ13: 0 | AR13: 0 | AS13: 50 | AT13: 0 | AU13: 0 | AV13: 12 | AX13: =AVERAGE(X13:AV13) -> 13.44 | BA13: 16.363636
A14: 18 | B14: 14 | C14: 14 | D14: 16 | E14: 16 | F14: 52 | G14: 15 | H14: 57 | I14: 19 | J14: 71 | K14: 8 | L14: 28 | M14: 20 | N14: 9 | O14: 69 | P14: 18 | Q14: 13 | R14: 62 | S14: 34 | T14: 27 | U14: 5 | V14: 52 | W14: 64 | X14: 29 | Y14: 50 | Z14: 67 | AA14: 7 | AB14: 3 | AC14: 4 | AD14: 71 | AE14: 18 | AF14: 41 | AG14: 60 | AH14: 60 | AI14: 2 | AJ14: 1 | AK14: 50 | AL14: 39 | AM14: 34 | AN14: 10 | AO14: 5 | AP14: 4 | AQ14: 25 | AR14: 60 | AS14: 2 | AT14: 2 | AU14: 19 | AV14: 77 | AX14: =AVERAGE(X14:AV14) -> 29.6 | BA14: 30.090909
... A23: 91 | B23: 0 | C23: 30 | D23: 0 | E23: 0 | F23: 12 | G23: 0 | H23: 0 | I23: 0 | J23: 0 | K23: 0 | L23: 0 | M23: 31 | N23: 5 | O23: 0 | P23: 0 | Q23: 0 | R23: 0 | S23: 0 | T23: 0 | U23: 0 | V23: 70 | W23: 70 | X23: 91 | Y23: 65 | Z23: 90 | AA23: 0 | AB23: 0 | AC23: 0 | AD23: 0 | AE23: 20 | AF23: 0 | AG23: 0 | AH23: 20 | AI23: 50 | AJ23: 5 | AK23: 70 | AL23: 31 | AM23: 31 | AN23: 0 | AO23: 10 | AP23: 0 | AQ23: 0 | AR23: 0 | AS23: 5 | AT23: 0 | AU23: 0 | AV23: 85 | AX23: =AVERAGE(X23:AV23) -> 22.92 | BA23: 17.545455
AT26: t-values | AU26: =(AVERAGE(AU3:AU23)/(STDEV(AU3:AU23)/SQRT(COUNT(AU3:AU23)))) -> 4.6915048 | AV26: =(AVERAGE(AV3:AV23)/(STDEV(AV3:AV23)/SQRT(COUNT(AV3:AV23)))) -> 10.43023
AT27: p-values | AU27: =TDIST(AU26, (COUNT(AU3:AU23) - 1), 2) -> 0.00014015633 | AV27: =TDIST(AV26, (COUNT(AV3:AV23) - 1), 2) -> 1.5508532e-09 | BA27: =B3-Y3 -> -89 | BB27: =C3-Z3 -> -7 | BC27: =D3-AA3 -> -20 | BD27: =E3-AB3 -> -40 | BE27: =F3-AC3 -> 30 | BF27: =G3-AD3 -> -30 | BG27: =H3-AE3 -> 0 | BH27: =I3-AF3 -> 0 | ... BJ27: =K3-AH3 -> 0 | BK27: =(V3-Y3) -> -60 | BM27: =ABS(AVERAGE(BA27:BK27)) -> 15.090909
BA28: =B4-Y4 -> -65 | BB28: =C4-Z4 -> 0 | BC28: =D4-AA4 -> 10 | BD28: =E4-AB4 -> -30 | BE28: =F4-AC4 -> -60 | BF28: =G4-AD4 -> 0 | BG28: =H4-AE4 -> 0 | BH28: =I4-AF4 -> 0 | ... BJ28: =K4-AH4 -> 0 | BK28: =(V4-Y4) -> -55 | BM28: =ABS(AVERAGE(BA28:BK28)) -> 9.0909091
BA29: =B5-Y5 -> -5 | BB29: =C5-Z5 -> -90 | BC29: =D5-AA5 -> -1 | BD29: =E5-AB5 -> -1 | BE29: =F5-AC5 -> 59 | BF29: =G5-AD5 -> -23 | BG29: =H5-AE5 -> -100 | BH29: =I5-AF5 -> -48 | ... BJ29: =K5-AH5 -> -59 | BK29: =(V5-Y5) -> 20 | BM29: =ABS(AVERAGE(BA29:BK29)) -> 14.545455
BA30: =B6-Y6 -> 21 | BB30: =C6-Z6 -> 21 | BC30: =D6-AA6 -> 28 | BD30: =E6-AB6 -> -22 | BE30: =F6-AC6 -> -35 | BF30: =G6-AD6 -> -2 | BG30: =H6-AE6 -> -3 | BH30: =I6-AF6 -> 8 | ... BJ30: =K6-AH6 -> -2 | BK30: =(V6-Y6) -> 50 | BM30: =ABS(AVERAGE(BA30:BK30)) -> 5.0909091
BA31: =B7-Y7 -> 15 | BB31: =C7-Z7 -> 13 | BC31: =D7-AA7 -> 34 | BD31: =E7-AB7 -> 0 | BE31: =F7-AC7 -> 0 | BF31: =G7-AD7 -> 0 | BG31: =H7-AE7 -> 0 | BH31: =I7-AF7 -> 0 | ... BJ31: =K7-AH7 -> 0 | BK31: =(V7-Y7) -> 77 | BM31: =ABS(AVERAGE(BA31:BK31)) -> 12.636364
BA32: =B8-Y8 -> -35 | BB32: =C8-Z8 -> 31 | BC32: =D8-AA8 -> -65 | BD32: =E8-AB8 -> -42 | BE32: =F8-AC8 -> -29 | BF32: =G8-AD8 -> -12 | BG32: =H8-AE8 -> 0 | BH32: =I8-AF8 -> 0 | ... BJ32: =K8-AH8 -> 0 | BK32: =(V8-Y8) -> -31 | BM32: =ABS(AVERAGE(BA32:BK32)) -> 16.636364
BA33: =B9-Y9 -> -19 | BB33: =C9-Z9 -> -16 | BC33: =D9-AA9 -> -14 | BD33: =E9-AB9 -> -18 | BE33: =F9-AC9 -> -3 | BF33: =G9-AD9 -> -2 | BG33: =H9-AE9 -> 5 | BH33: =I9-AF9 -> 5 | ... BJ33: =K9-AH9 -> -63 | BK33: =(V9-Y9) -> 11 | BM33: =ABS(AVERAGE(BA33:BK33)) -> 9
BA34: =B10-Y10 -> -52 | BB34: =C10-Z10 -> 47 | BC34: =D10-AA10 -> 56 | BD34: =E10-AB10 -> 0 | BE34: =F10-AC10 -> 0 | BF34: =G10-AD10 -> -100 | BG34: =H10-AE10 -> -100 | BH34: =I10-AF10 -> -100 | ... BJ34: =K10-AH10 -> -100 | BK34: =(V10-Y10) -> 30 | BM34: =ABS(AVERAGE(BA34:BK34)) -> 33.636364
BA35: =B11-Y11 -> -62 | BB35: =C11-Z11 -> -37 | BC35: =D11-AA11 -> 12 | BD35: =E11-AB11 -> -10 | BE35: =F11-AC11 -> -31 | BF35: =G11-AD11 -> -59 | BG35: =H11-AE11 -> -33 | BH35: =I11-AF11 -> 22 | ... BJ35: =K11-AH11 -> -39 | BK35: =(V11-Y11) -> 1 | BM35: =ABS(AVERAGE(BA35:BK35)) -> 16.545455
BA36: =B12-Y12 -> 75 | BB36: =C12-Z12 -> -40 | BC36: =D12-AA12 -> 80 | BD36: =E12-AB12 -> 35 | BE36: =F12-AC12 -> -10 | BF36: =G12-AD12 -> -70 | BG36: =H12-AE12 -> -80 | BH36: =I12-AF12 -> 9 | ... BJ36: =K12-AH12 -> -100 | BK36: =(V12-Y12) -> 95 | BM36: =ABS(AVERAGE(BA36:BK36)) -> 5.0909091
BA37: =B13-Y13 -> -10 | BB37: =C13-Z13 -> 0 | BC37: =D13-AA13 -> -10 | BD37: =E13-AB13 -> 0 | BE37: =F13-AC13 -> 50 | BF37: =G13-AD13 -> 0 | BG37: =H13-AE13 -> -20 | BH37: =I13-AF13 -> 0 | ... BJ37: =K13-AH13 -> 0 | BK37: =(V13-Y13) -> 30 | BM37: =ABS(AVERAGE(BA37:BK37)) -> 1.8181818
BA38: =B14-Y14 -> -36 | BB38: =C14-Z14 -> -53 | BC38: =D14-AA14 -> 9 | BD38: =E14-AB14 -> 13 | BE38: =F14-AC14 -> 48 | BF38: =G14-AD14 -> -56 | BG38: =H14-AE14 -> 39 | BH38: =I14-AF14 -> -22 | ... BJ38: =K14-AH14 -> -52 | BK38: =(V14-Y14) -> 2 | BM38: =ABS(AVERAGE(BA38:BK38)) -> 8.8181818
BA39: =B15-Y15 -> -1 | BB39: =C15-Z15 -> -1 | BC39: =D15-AA15 -> 0 | BD39: =E15-AB15 -> 0 | BE39: =F15-AC15 -> 100 | BF39: =G15-AD15 -> -1 | BG39: =H15-AE15 -> -100 | BH39: =I15-AF15 -> 100 | ... BJ39: =K15-AH15 -> -75 | BK39: =(V15-Y15) -> 5 | BM39: =ABS(AVERAGE(BA39:BK39)) -> 2.4545455
... BA47: =B23-Y23 -> -65 | BB47: =C23-Z23 -> -60 | BC47: =D23-AA23 -> 0 | BD47: =E23-AB23 -> 0 | BE47: =F23-AC23 -> 12 | BF47: =G23-AD23 -> 0 | BG47: =H23-AE23 -> -20 | BH47: =I23-AF23 -> 0 | ... BJ47: =K23-AH23 -> -20 | BK47: =(V23-Y23) -> 5 | BM47: =ABS(AVERAGE(BA47:BK47)) -> 13.454545

Sheet Likud General
A1: 2019 Recurring | F1: 2021 Recurring | K1: 2021 Only Once
A2: עד כמה לדעתך ביבי האחראי היחיד והישיר להצלחות האדירות של ישראל בעשור האחרון? | B2: עד כמה את/ה חושב/ת שהאמירה "המצב הביטחוני, הכלכלי והחברתי בישראל מעולם לא היו טובים יותר" נכונה? | C2: עד כמה לדעתך החקירות וכתב האישום מהווים רדיפה פוליטית של השמאל והתקשרות השמאלנית בישראל? | D2: עד כמה לדעתך החקירות וכתב האישום מהווים חלק מעבודתה הלגיטימית של התקשורת ככלב השמירה של הדמוקרטיה ושל השמאל כאופוזיציה? | E2: עד כמה את/ה מאמין/ה שבתום ההליכים המשפטיים תוכח חפותו המוחלטת של ביבי? | F2: עד כמה לדעתך ביבי האחראי היחיד והישיר להצלחות האדירות של ישראל בעשור האחרון? | G2: עד כמה את/ה חושב/ת שהאמירה "המצב הביטחוני, הכלכלי והחברתי בישראל מעולם לא היו טובים יותר" נכונה? | H2: עד כמה לדעתך החקירות וכתב האישום מהווים רדיפה פוליטית של השמאל והתקשרות השמאלנית בישראל? | I2: עד כמה לדעתך החקירות וכתב האישום מהווים חלק מעבודתה הלגיטימית של התקשורת ככלב השמירה של הדמוקרטיה ושל השמאל כאופוזיציה? | J2: עד כמה את/ה מאמין/ה שבתום ההליכים המשפטיים תוכח חפותו המוחלטת של ביבי? | K2: עד כמה דעתך על החלק בסרטון בו נתניהו מדבר על כך שמצבה של ישראל מעולם לא היה טוב יותר, השתנתה מאז מרץ 2019? | L2: האם דעתך על הקמת ממשלה עם המפלגות הערביות, כפי שמוצג בסרטון, השתנתה מאז מרץ 2019? | M2: עד כמה השתנו תחושותיך כלפי הסרטון "סיפור על בלונים" מאז מרץ 2019?
A3: 40 | B3: 54 | C3: 2 | D3: 77 | E3: 0 | F3: 13 | G3: 69 | H3: 1 | I3: 99 | J3: 0 | K3: 64 | L3: 65 | M3: 60
A4: 19 | B4: 30 | C4: 85 | D4: 91 | E4: 5 | F4: 23 | G4: 20 | H4: 0 | I4: 99 | J4: 3 | K4: 89 | L4: 75 | M4: 85
A5: 65 | B5: 55 | C5: 61 | D5: 66 | E5: 38 | F5: 58 | G5: 33 | H5: 48 | I5: 100 | J5: 35 | K5: 80 | L5: 0 | M5: 0
A6: 30 | B6: 64 | C6: 0 | D6: 20 | E6: 50 | F6: 0 | G6: 66 | H6: 0 | I6: 38 | J6: 21 | K6: 53 | L6: 32 | M6: 23
A7: 2 | B7: 25 | C7: 2 | D7: 88 | E7: 1 | F7: 8 | G7: 11 | H7: 17 | I7: 87 | J7: 1 | K7: 3 | L7: 7 | M7: 0
A8: 41 | B8: 33 | C8: 57 | D8: 100 | E8: 12 | F8: 57 | G8: 47 | H8: 0 | I8: 92 | J8: 37 | K8: 98 | L8: 99 | M8: 0
A9: 24 | B9: 70 | C9: 14 | D9: 83 | E9: 22 | F9: 0 | G9: 28 | H9: 32 | I9: 89 | J9: 0 | K9: 68 | L9: 65 | M9: 76
A10: 0 | B10: 0 | C10: 0 | D10: 77 | E10: 0 | F10: 0 | G10: 0 | H10: 0 | I10: 100 | J10: 0 | K10: 0 | L10: 100 | M10: 0
A11: 21 | B11: 18 | C11: 17 | D11: 90 | E11: 12 | F11: 23 | G11: 0 | H11: 17 | I11: 93 | J11: 0 | K11: 79 | L11: 81 | M11: 11
A12: 0 | B12: 0 | C12: 0 | D12: 100 | E12: 4 | F12: 0 | G12: 0 | I12: 100 | J12: 10 | K12: 52 | L12: 100 | M12: 7
A13: 77 | B13: 87 | C13: 100 | D13: 0 | E13: 77 | F13: 70 | G13: 77 | H13: 100 | I13: 0 | J13: 1 | K13: 52 | L13: 3 | M13: 0
A14: 70 | B14: 87 | C14: 55 | D14: 58 | E14: 15 | F14: 13 | G14: 36 | H14: 73 | I14: 33 | J14: 9 | K14: 78 | L14: 82 | M14: 28
A15: 0 | B15: 31 | C15: 0 | D15: 81 | E15: 15 | F15: 0 | G15: 0 | H15: 0 | I15: 97 | J15: 0 | K15: 78 | L15: 16 | M15: 0
A16: 62 | B16: 63 | C16: 86 | D16: 63 | E16: 85 | F16: 26 | G16: 56 | H16: 92 | I16: 25 | J16: 54 | K16: 22 | L16: 10 | M16: 18
A17: 0 | B17: 13 | C17: 43 | D17: 97 | E17: 8 | F17: 0 | G17: 11 | I17: 71 | J17: 20 | K17: 0 | L17: 72 | M17: 20
A18: 63 | B18: 39 | C18: 61 | D18: 72 | E18: 28 | F18: 65 | G18: 38 | I18: 53 | J18: 61 | K18: 74 | L18: 51 | M18: 40
A19: 59 | B19: 100 | C19: 36 | D19: 23 | E19: 35 | F19: 4 | G19: 46 | H19: 0 | I19: 0 | J19: 3 | K19: 82 | L19: 79 | M19: 61
A20: 69 | B20: 70 | C20: 60 | D20: 76 | E20: 17 | F20: 26 | G20: 51 | H20: 24 | I20: 78 | J20: 18 | K20: 50 | L20: 71 | M20: 70
A21: 89 | B21: 92 | C21: 87 | D21: 23 | E21: 90 | F21: 67 | G21: 81 | H21: 84 | I21: 48 | J21: 78 | K21: 31 | L21: 0 | M21: 22
A22: 78 | B22: 26 | C22: 90 | D22: 65 | E22: 99 | F22: 56 | G22: 89 | H22: 87 | I22: 70 | J22: 95 | K22: 46 | L22: 0 | M22: 0
A23: 6 | B23: 84 | C23: 7 | D23: 91 | E23: 0 | F23: 7 | G23: 9 | I23: 100 | J23: 0 | K23: 21 | L23: 11 | M23: 0
J26: t-values | K26: =(AVERAGE(K3:K23)/(STDEV(K3:K23)/SQRT(COUNT(K3:K23)))) -> 8.0911044 | L26: =(AVERAGE(L3:L23)/(STDEV(L3:L23)/SQRT(COUNT(L3:L23)))) -> 5.9070429 | M26: =(AVERAGE(M3:M23)/(STDEV(M3:M23)/SQRT(COUNT(M3:M23)))) -> 3.9478081
J27: p-values | K27: =TDIST(K26, (COUNT(K3:K23) - 1), 2) -> 9.7814398e-08 | L27: =TDIST(L26, (COUNT(L3:L23) - 1), 2) -> 8.8877509e-06 | M27: =TDIST(M26, (COUNT(M3:M23) - 1), 2) -> 0.00079481988

Sheet Likud Ideology
A1: 2019 Recurring | C1: 2021 Recurring | E1: 2021 Only Once
A2: עד כמה את/ה חושב/ת שהאמירה "המצב הביטחוני, הכלכלי והחברתי בישראל מעולם לא היו טובים יותר" נכונה? | B2: עד כמה לדעתך החקירות וכתב האישום מהווים חלק מעבודתה הלגיטימית של התקשורת ככלב השמירה של הדמוקרטיה ושל השמאל כאופוזיציה? | C2: עד כמה את/ה חושב/ת שהאמירה "המצב הביטחוני, הכלכלי והחברתי בישראל מעולם לא היו טובים יותר" נכונה? | D2: עד כמה לדעתך החקירות וכתב האישום מהווים חלק מעבודתה הלגיטימית של התקשורת ככלב השמירה של הדמוקרטיה ושל השמאל כאופוזיציה? | E2: עד כמה דעתך על החלק בסרטון בו נתניהו מדבר על כך שמצבה של ישראל מעולם לא היה טוב יותר, השתנתה מאז מרץ 2019? | F2: האם דעתך על הקמת ממשלה עם המפלגות הערביות, כפי שמוצג בסרטון, השתנתה מאז מרץ 2019?
A3: 54 | B3: 77 | C3: 69 | D3: 99 | E3: 64 | F3: 65 | H3: =AVERAGE(C3:F3) -> 74.25
A4: 30 | B4: 91 | C4: 20 | D4: 99 | E4: 89 | F4: 75 | H4: =AVERAGE(C4:F4) -> 70.75
A5: 55 | B5: 66 | C5: 33 | D5: 100 | E5: 80 | F5: 0 | H5: =AVERAGE(C5:F5) -> 53.25
A6: 64 | B6: 20 | C6: 66 | D6: 38 | E6: 53 | F6: 32 | H6: =AVERAGE(C6:F6) -> 47.25
A7: 25 | B7: 88 | C7: 11 | D7: 87 | E7: 3 | F7: 7 | H7: =AVERAGE(C7:F7) -> 27
A8: 33 | B8: 100 | C8: 47 | D8: 92 | E8: 98 | F8: 99 | H8: =AVERAGE(C8:F8) -> 84
A9: 70 | B9: 83 | C9: 28 | D9: 89 | E9: 68 | F9: 65 | H9: =AVERAGE(C9:F9) -> 62.5
A10: 0 | B10: 77 | C10: 0 | D10: 100 | E10: 0 | F10: 100 | H10: =AVERAGE(C10:F10) -> 50
A11: 18 | B11: 90 | C11: 0 | D11: 93 | E11: 79 | F11: 81 | H11: =AVERAGE(C11:F11) -> 63.25
A12: 0 | B12: 100 | C12: 0 | D12: 100 | E12: 52 | F12: 100 | H12: =AVERAGE(C12:F12) -> 63
A13: 87 | B13: 0 | C13: 77 | D13: 0 | E13: 52 | F13: 3 | H13: =AVERAGE(C13:F13) -> 33
A14: 87 | B14: 58 | C14: 36 | D14: 33 | E14: 78 | F14: 82 | H14: =AVERAGE(C14:F14) -> 57.25
... A23: 84 | B23: 91 | C23: 9 | D23: 100 | E23: 21 | F23: 11 | H23: =AVERAGE(C23:F23) -> 35.25
D26: t-values | E26: =(AVERAGE(E3:E23)/(STDEV(E3:E23)/SQRT(COUNT(E3:E23)))) -> 8.0911044 | F26: =(AVERAGE(F3:F23)/(STDEV(F3:F23)/SQRT(COUNT(F3:F23)))) -> 5.9070429
D27: p-values | E27: =TDIST(E26, (COUNT(E3:E23) - 1), 2) -> 9.7814398e-08 | F27: =TDIST(F26, (COUNT(F3:F23) - 1), 2) -> 8.8877509e-06

Sheet Likud Ingroup
A1: 2019 Recurring | D1: 2021 Recurring | G1: 2021 Only Once
A2: עד כמה לדעתך ביבי האחראי היחיד והישיר להצלחות האדירות של ישראל בעשור האחרון? | B2: עד כמה לדעתך החקירות וכתב האישום מהווים רדיפה פוליטית של השמאל והתקשרות השמאלנית בישראל? | C2: עד כמה את/ה מאמין/ה שבתום ההליכים המשפטיים תוכח חפותו המוחלטת של ביבי? | D2: עד כמה לדעתך ביבי האחראי היחיד והישיר להצלחות האדירות של ישראל בעשור האחרון? | E2: עד כמה לדעתך החקירות וכתב האישום מהווים רדיפה פוליטית של השמאל והתקשרות השמאלנית בישראל? | F2: עד כמה את/ה מאמין/ה שבתום ההליכים המשפטיים תוכח חפותו המוחלטת של ביבי? | G2: עד כמה השתנו תחושותיך כלפי הסרטון "סיפור על בלונים" מאז מרץ 2019?
A3: 40 | B3: 2 | C3: 0 | D3: 13 | E3: 1 | F3: 0 | G3: 60 | I3: =AVERAGE(D3:G3) -> 18.5
A4: 19 | B4: 85 | C4: 5 | D4: 23 | E4: 0 | F4: 3 | G4: 85 | I4: =AVERAGE(D4:G4) -> 27.75
A5: 65 | B5: 61 | C5: 38 | D5: 58 | E5: 48 | F5: 35 | G5: 0 | I5: =AVERAGE(D5:G5) -> 35.25
A6: 30 | B6: 0 | C6: 50 | D6: 0 | E6: 0 | F6: 21 | G6: 23 | I6: =AVERAGE(D6:G6) -> 11
A7: 2 | B7: 2 | C7: 1 | D7: 8 | E7: 17 | F7: 1 | G7: 0 | I7: =AVERAGE(D7:G7) -> 6.5
A8: 41 | B8: 57 | C8: 12 | D8: 57 | E8: 0 | F8: 37 | G8: 0 | I8: =AVERAGE(D8:G8) -> 23.5
A9: 24 | B9: 14 | C9: 22 | D9: 0 | E9: 32 | F9: 0 | G9: 76 | I9: =AVERAGE(D9:G9) -> 27
A10: 0 | B10: 0 | C10: 0 | D10: 0 | E10: 0 | F10: 0 | G10: 0 | I10: =AVERAGE(D10:G10) -> 0
A11: 21 | B11: 17 | C11: 12 | D11: 23 | E11: 17 | F11: 0 | G11: 11 | I11: =AVERAGE(D11:G11) -> 12.75
A12: 0 | B12: 0 | C12: 4 | D12: 0 | F12: 10 | G12: 7 | I12: =AVERAGE(D12:G12) -> 5.6666667
A13: 77 | B13: 100 | C13: 77 | D13: 70 | E13: 100 | F13: 1 | G13: 0 | I13: =AVERAGE(D13:G13) -> 42.75
A14: 70 | B14: 55 | C14: 15 | D14: 13 | E14: 73 | F14: 9 | G14: 28 | I14: =AVERAGE(D14:G14) -> 30.75
A15: 0 | B15: 0 | C15: 15 | D15: 0 | E15: 0 | F15: 0 | G15: 0 | I15: =AVERAGE(D15:G15) -> 0
A16: 62 | B16: 86 | C16: 85 | D16: 26 | E16: 92 | F16: 54 | G16: 18 | I16: =AVERAGE(D16:G16) -> 47.5
A17: 0 | B17: 43 | C17: 8 | D17: 0 | F17: 20 | G17: 20 | I17: =AVERAGE(D17:G17) -> 13.333333
A18: 63 | B18: 61 | C18: 28 | D18: 65 | F18: 61 | G18: 40 | I18: =AVERAGE(D18:G18) -> 55.333333
A19: 59 | B19: 36 | C19: 35 | D19: 4 | E19: 0 | F19: 3 | G19: 61 | I19: =AVERAGE(D19:G19) -> 17
A20: 69 | B20: 60 | C20: 17 | D20: 26 | E20: 24 | F20: 18 | G20: 70 | I20: =AVERAGE(D20:G20) -> 34.5
A21: 89 | B21: 87 | C21: 90 | D21: 67 | E21: 84 | F21: 78 | G21: 22 | I21: =AVERAGE(D21:G21) -> 62.75
A22: 78 | B22: 90 | C22: 99 | D22: 56 | E22: 87 | F22: 95 | G22: 0 | I22: =AVERAGE(D22:G22) -> 59.5
A23: 6 | B23: 7 | C23: 0 | D23: 7 | F23: 0 | G23: 0 | I23: =AVERAGE(D23:G23) -> 2.3333333
F26: t-values | G26: =(AVERAGE(G3:G23)/(STDEV(G3:G23)/SQRT(COUNT(G3:G23)))) -> 3.9478081
F27: p-values | G27: =TDIST(G26, (COUNT(G3:G23) - 1), 2) -> 0.00079481988

Sheet Meretz-Avoda General
A1: 2019 Recurring | M1: 2021 Recurring | Y1: 2021 Only Once
A2: האם לדעתך הצגת הציבור הימני כ"לא נורמלי" משקפת את השמאל המנותק מהעם? | B2: עד כמה הדמויות הבאות נתפסות בעיניך כאמינות? 0 = דמות לא אמינה בכלל, 100 = דמות מאוד אמינה - תמר זנדברג | C2: עד כמה תמר זנדברג מעורר בך כל אחת מהתחושות הבאות?0 = כלל לא, 100 = מאוד - גאווה | D2: עד כמה תמר זנדברג מעורר בך כל אחת מהתחושות הבאות?0 = כלל לא, 100 = מאוד - תקווה | E2: עד כמה תמר זנדברג מעורר בך כל אחת מהתחושות הבאות?0 = כלל לא, 100 = מאוד - אהבה | F2: עד כמה תמר זנדברג מעורר בך כל אחת מהתחושות הבאות?0 = כלל לא, 100 = מאוד - כעס | G2: עד כמה תמר זנדברג מעורר בך כל אחת מהתחושות הבאות?0 = כלל לא, 100 = מאוד - בוז | H2: עד כמה תמר זנדברג מעורר בך כל אחת מהתחושות הבאות?0 = כלל לא, 100 = מאוד - שנאה | I2: עד כמה תמר זנדברג מעורר בך כל אחת מהתחושות הבאות?0 = כלל לא, 100 = מאוד - חרדה | J2: עד כמה תמר זנדברג מעורר בך כל אחת מהתחושות הבאות?0 = כלל לא, 100 = מאוד - ייאוש | K2: עד כמה תמר זנדברג מעורר בך כל אחת מהתחושות הבאות?0 = כלל לא, 100 = מאוד - אדישות | L2: עד כמה תמר זנדברג מעורר בך כל אחת מהתחושות הבאות?0 = כלל לא, 100 = מאוד - גועל | M2: האם לדעתך הצגת הציבור הימני כ"לא נורמלי" משקפת את השמאל המנותק מהעם? | N2: עד כמה הדמויות הבאות נתפסות בעיניך כאמינות? 0 = דמות לא אמינה בכלל, 100 = דמות מאוד אמינה - תמר זנדברג | O2: עד כמה תמר זנדברג מעורר בך כל אחת מהתחושות הבאות?0 = כלל לא, 100 = מאוד - גאווה | P2: עד כמה תמר זנדברג מעורר בך כל אחת מהתחושות הבאות?0 = כלל לא, 100 = מאוד - תקווה | Q2: עד כמה תמר זנדברג מעורר בך כל אחת מהתחושות הבאות?0 = כלל לא, 100 = מאוד - אהבה | R2: עד כמה תמר זנדברג מעורר בך כל אחת מהתחושות הבאות?0 = כלל לא, 100 = מאוד - כעס | S2: עד כמה תמר זנדברג מעורר בך כל אחת מהתחושות הבאות?0 = כלל לא, 100 = מאוד - בוז | T2: עד כמה תמר זנדברג מעורר בך כל אחת מהתחושות הבאות?0 = כלל לא, 100 = מאוד - שנאה | U2: עד כמה תמר זנדברג מעורר בך כל אחת מהתחושות הבאות?0 = כלל לא, 100 = מאוד - חרדה | V2: עד כמה תמר זנדברג מעורר בך כל אחת מהתחושות הבאות?0 = כלל לא, 100 = מאוד - ייאוש | W2: עד כמה תמר זנדברג מעורר בך כל אחת מהתחושות הבאות?0 = כלל לא, 100 = מאוד - אדישות | X2: עד כמה תמר זנדברג מעורר בך כל אחת מהתחושות הבאות?0 = כלל לא, 100 = מאוד - גועל | Y2: עד כמה הדעות שלך על תמר זנדברג השתנו מאז מרץ 2019? | Z2: עד כמה דעתך כלפי הסרטונים של מפלגת מרצ השתנתה מאז צפית בהם לראשונה במרץ 2019? | AA2: באיזו מידה דעותיך כלפי מירב מיכאלי השתנו מאז מרץ 2019? | AB2: כאשר צפית בסרטון של מפלגת העבודה, בחלק בו מופיעה סתיו שפיר, עד כמה תחושותיך השתנו מאז מרץ 2019? | AC2: כאשר צפית בסרטון של מפלגת העבודה, בחלק בו מופיע עמיר פרץ, עד כמה תחושותיך השתנו מאז מרץ 2019? | AD2: עד כמה הדעות שלך על אבי גבאי השתנו מאז שהוא פרש ממפלגת העבודה? | AE2: עד כמה דעתך כלפי מפלגת העבודה השתנתה מאז מרץ 2019? | AF2: עד כמה דעתך כלפי הסרטון של מפלגת העבודה השתנתה מאז צפית בהם לראשונה במרץ 2019?
A3: 27 | B3: 71 | C3: 20 | D3: 40 | E3: 0 | F3: 0 | G3: 0 | H3: 0 | I3: 0 | J3: 0 | K3: 0 | L3: 0 | M3: 1 | N3: 75 | O3: 30 | P3: 40 | Q3: 0 | R3: 10 | S3: 0 | T3: 0 | U3: 0 | V3: 0 | W3: 0 | X3: 1 | Y3: 64 | Z3: 1 | AA3: 100 | AB3: 60 | AC3: 77 | AD3: 54 | AE3: 87 | AF3: 2
A4: 14 | B4: 100 | C4: 90 | D4: 100 | E4: 90 | F4: 0 | G4: 0 | H4: 0 | I4: 0 | J4: 0 | K4: 0 | L4: 0 | M4: 17 | N4: 80 | O4: 90 | P4: 100 | Q4: 80 | R4: 0 | S4: 0 | T4: 0 | U4: 0 | V4: 0 | W4: 0 | X4: 0 | Y4: 6 | Z4: 14 | AA4: 26 | AB4: 0 | AC4: 0 | AD4: 96 | AE4: 22 | AF4: 75
A5: 92 | B5: 60 | C5: 0 | D5: 0 | E5: 0 | F5: 66 | G5: 66 | H5: 80 | I5: 0 | J5: 90 | K5: 38 | L5: 0 | M5: 82 | N5: 60 | O5: 6 | P5: 8 | Q5: 7 | R5: 66 | S5: 56 | T5: 57 | U5: 3 | V5: 85 | W5: 3 | X5: 32 | Y5: 37 | Z5: 0 | AA5: 100 | AB5: 0 | AC5: 68 | AD5: 0 | AE5: 100 | AF5: 0
A6: 57 | B6: 91 | C6: 64 | D6: 69 | E6: 74 | F6: 18 | G6: 4 | H6: 2 | I6: 17 | J6: 22 | K6: 2 | L6: 4 | M6: 77 | N6: 60 | O6: 41 | P6: 39 | Q6: 46 | R6: 32 | S6: 5 | T6: 6 | U6: 25 | V6: 2 | W6: 4 | X6: 3 | Y6: 65 | Z6: 66 | AA6: 74 | AB6: 35 | AC6: 35 | AD6: 33 | AE6: 64 | AF6: 61
A7: 13 | B7: 100 | C7: 91 | D7: 100 | E7: 90 | F7: 0 | G7: 0 | H7: 0 | I7: 0 | J7: 0 | K7: 0 | L7: 0 | M7: 24 | N7: 100 | O7: 18 | P7: 28 | Q7: 3 | R7: 0 | S7: 0 | T7: 0 | U7: 0 | V7: 0 | W7: 0 | X7: 0 | Y7: 8 | Z7: 55 | AA7: 55 | AB7: 66 | AC7: 67 | AD7: 48 | AE7: 50 | AF7: 58
A8: 7 | B8: 99 | C8: 50 | D8: 81 | E8: 47 | F8: 5 | G8: 0 | H8: 0 | I8: 0 | J8: 0 | K8: 0 | L8: 0 | M8: 6 | N8: 100 | O8: 23 | P8: 9 | Q8: 27 | R8: 0 | S8: 0 | T8: 0 | U8: 0 | V8: 7 | W8: 0 | X8: 0 | Y8: 1 | Z8: 3 | AA8: 55 | AB8: 56 | AC8: 68 | AD8: 33 | AE8: 58 | AF8: 59
A9: 31 | B9: 80 | C9: 40 | D9: 30 | E9: 15 | F9: 0 | G9: 5 | H9: 3 | I9: 10 | J9: 3 | K9: 8 | L9: 5 | M9: 69 | N9: 84 | O9: 52 | P9: 65 | Q9: 71 | R9: 5 | S9: 6 | T9: 0 | U9: 9 | V9: 10 | W9: 15 | X9: 0 | Y9: 36 | Z9: 77 | AA9: 79 | AB9: 64 | AC9: 74 | AD9: 97 | AE9: 73 | AF9: 73
A10: 75 | B10: 82 | C10: 0 | D10: 0 | E10: 0 | F10: 0 | G10: 100 | H10: 0 | I10: 0 | J10: 58 | K10: 0 | L10: 0 | M10: 100 | N10: 100 | O10: 0 | P10: 0 | Q10: 0 | R10: 0 | S10: 100 | T10: 0 | U10: 0 | V10: 0 | W10: 0 | X10: 0 | Y10: 10 | Z10: 0 | AA10: 0 | AB10: 0 | AC10: 0 | AD10: 0 | AE10: 74 | AF10: 76
A11: 66 | B11: 45 | C11: 17 | D11: 48 | E11: 8 | F11: 65 | G11: 19 | H11: 0 | I11: 0 | J11: 0 | K11: 17 | L11: 25 | M11: 81 | N11: 61 | O11: 20 | P11: 11 | Q11: 20 | R11: 43 | S11: 20 | T11: 0 | U11: 31 | V11: 0 | W11: 0 | X11: 0 | Y11: 32 | Z11: 57 | AA11: 84 | AB11: 43 | AC11: 100 | AD11: 35 | AE11: 77 | AF11: 35
A12: 25 | B12: 100 | C12: 80 | D12: 30 | E12: 50 | F12: 40 | G12: 20 | H12: 0 | I12: 0 | J12: 20 | K12: 0 | L12: 0 | M12: 63 | N12: 90 | O12: 40 | P12: 40 | Q12: 40 | R12: 5 | S12: 11 | T12: 10 | U12: 0 | V12: 50 | W12: 94 | X12: 0 | Y12: 14 | Z12: 50 | AA12: 83 | AB12: 75 | AC12: 77 | AD12: 57 | AE12: 82 | AF12: 65
A13: 100 | B13: 90 | C13: 0 | D13: 0 | E13: 0 | F13: 0 | G13: 30 | H13: 0 | I13: 0 | J13: 90 | K13: 10 | L13: 0 | M13: 100 | N13: 50 | O13: 0 | P13: 0 | Q13: 0 | R13: 0 | S13: 0 | T13: 0 | U13: 65 | V13: 50 | W13: 0 | X13: 0 | Y13: 0 | Z13: 3 | AA13: 5 | AB13: 0 | AC13: 0 | AD13: 50 | AE13: 0 | AF13: 0
A14: 84 | B14: 54 | C14: 3 | D14: 8 | E14: 6 | F14: 70 | G14: 72 | H14: 30 | I14: 43 | J14: 54 | K14: 28 | L14: 74 | M14: 74 | N14: 69 | O14: 40 | P14: 11 | Q14: 29 | R14: 64 | S14: 45 | T14: 3 | U14: 64 | V14: 64 | W14: 7 | X14: 0 | Y14: 10 | Z14: 14 | AA14: 94 | AB14: 9 | AC14: 84 | AD14: 3 | AE14: 62 | AF14: 33
... A23: 5 | B23: 70 | C23: 0 | D23: 0 | E23: 0 | F23: 0 | G23: 0 | H23: 0 | I23: 0 | J23: 0 | K23: 65 | L23: 0 | M23: 77 | N23: 90 | O23: 20 | P23: 0 | Q23: 5 | R23: 0 | S23: 0 | T23: 0 | U23: 0 | V23: 0 | W23: 20 | X23: 0 | Y23: 0 | Z23: 0 | AA23: 100 | AB23: 0 | AC23: 100 | AD23: 81 | AE23: 100 | AF23: 6
X26: t-values | Y26: =(AVERAGE(Y3:Y23)/(STDEV(Y3:Y23)/SQRT(COUNT(Y3:Y23)))) -> 4.123462 | Z26: =(AVERAGE(Z3:Z23)/(STDEV(Z3:Z23)/SQRT(COUNT(Z3:Z23)))) -> 4.3995595 | AA26: =(AVERAGE(AA3:AA23)/(STDEV(AA3:AA23)/SQRT(COUNT(AA3:AA23)))) -> 7.4613799 | AB26: =(AVERAGE(AB3:AB23)/(STDEV(AB3:AB23)/SQRT(COUNT(AB3:AB23)))) -> 3.9508427 | AC26: =(AVERAGE(AC3:AC23)/(STDEV(AC3:AC23)/SQRT(COUNT(AC3:AC23)))) -> 5.5580651 | AD26: =(AVERAGE(AD3:AD23)/(STDEV(AD3:AD23)/SQRT(COUNT(AD3:AD23)))) -> 5.0754032 | AE26: =(AVERAGE(AE3:AE23)/(STDEV(AE3:AE23)/SQRT(COUNT(AE3:AE23)))) -> 9.8646724 | AF26: =(AVERAGE(AF3:AF23)/(STDEV(AF3:AF23)/SQRT(COUNT(AF3:AF23)))) -> 6.2401261
X27: p-values | Y27: =TDIST(Y26, (COUNT(Y3:Y23) - 1), 2) -> 0.00052709448 | Z27: =TDIST(Z26, (COUNT(Z3:Z23) - 1), 2) -> 0.00027650218 | AA27: =TDIST(AA26, (COUNT(AA3:AA23) - 1), 2) -> 3.363081e-07 | AB27: =TDIST(AB26, (COUNT(AB3:AB23) - 1), 2) -> 0.00078920207 | AC27: =TDIST(AC26, (COUNT(AC3:AC23) - 1), 2) -> 1.9327476e-05 | AD27: =TDIST(AD26, (COUNT(AD3:AD23) - 1), 2) -> 5.7806762e-05 | AE27: =TDIST(AE26, (COUNT(AE3:AE23) - 1), 2) -> 3.9764553e-09 | AF27: =TDIST(AF26, (COUNT(AF3:AF23) - 1), 2) -> 4.2915574e-06

Sheet Meretz-Avoda Ideology
A1: 2021 Only Once
A2: עד כמה דעתך כלפי הסרטונים של מפלגת מרצ השתנתה מאז צפית בהם לראשונה במרץ 2019? | B2: כאשר צפית בסרטון של מפלגת העבודה, בחלק בו מופיעה סתיו שפיר, עד כמה תחושותיך השתנו מאז מרץ 2019? | C2: כאשר צפית בסרטון של מפלגת העבודה, בחלק בו מופיע עמיר פרץ, עד כמה תחושותיך השתנו מאז מרץ 2019? | D2: עד כמה דעתך כלפי מפלגת העבודה השתנתה מאז מרץ 2019? | E2: עד כמה דעתך כלפי הסרטון של מפלגת העבודה השתנתה מאז צפית בהם לראשונה במרץ 2019?
A3: 1 | B3: 60 | C3: 77 | D3: 87 | E3: 2 | G3: =AVERAGE(A3:E3) -> 45.4
A4: 14 | B4: 0 | C4: 0 | D4: 22 | E4: 75 | G4: =AVERAGE(A4:E4) -> 22.2
A5: 0 | B5: 0 | C5: 68 | D5: 100 | E5: 0 | G5: =AVERAGE(A5:E5) -> 33.6
A6: 66 | B6: 35 | C6: 35 | D6: 64 | E6: 61 | G6: =AVERAGE(A6:E6) -> 52.2
A7: 55 | B7: 66 | C7: 67 | D7: 50 | E7: 58 | G7: =AVERAGE(A7:E7) -> 59.2
A8: 3 | B8: 56 | C8: 68 | D8: 58 | E8: 59 | G8: =AVERAGE(A8:E8) -> 48.8
A9: 77 | B9: 64 | C9: 74 | D9: 73 | E9: 73 | G9: =AVERAGE(A9:E9) -> 72.2
A10: 0 | B10: 0 | C10: 0 | D10: 74 | E10: 76 | G10: =AVERAGE(A10:E10) -> 30
A11: 57 | B11: 43 | C11: 100 | D11: 77 | E11: 35 | G11: =AVERAGE(A11:E11) -> 62.4
A12: 50 | B12: 75 | C12: 77 | D12: 82 | E12: 65 | G12: =AVERAGE(A12:E12) -> 69.8
A13: 3 | B13: 0 | C13: 0 | D13: 0 | E13: 0 | G13: =AVERAGE(A13:E13) -> 0.6
A14: 14 | B14: 9 | C14: 84 | D14: 62 | E14: 33 | G14: =AVERAGE(A14:E14) -> 40.4
... A23: 0 | B23: 0 | C23: 100 | D23: 100 | E23: 6 | G23: =AVERAGE(A23:E23) -> 41.2
A26: =(AVERAGE(A3:A23)/(STDEV(A3:A23)/SQRT(COUNT(A3:A23)))) -> 4.3995595 | B26: =(AVERAGE(B3:B23)/(STDEV(B3:B23)/SQRT(COUNT(B3:B23)))) -> 3.9508427 | C26: =(AVERAGE(C3:C23)/(STDEV(C3:C23)/SQRT(COUNT(C3:C23)))) -> 5.5580651 | D26: =(AVERAGE(D3:D23)/(STDEV(D3:D23)/SQRT(COUNT(D3:D23)))) -> 9.8646724 | E26: =(AVERAGE(E3:E23)/(STDEV(E3:E23)/SQRT(COUNT(E3:E23)))) -> 6.2401261 | F26: t-values
A27: =TDIST(A26, (COUNT(A3:A23) - 1), 2) -> 0.00027650218 | B27: =TDIST(B26, (COUNT(B3:B23) - 1), 2) -> 0.00078920207 | C27: =TDIST(C26, (COUNT(C3:C23) - 1), 2) -> 1.9327476e-05 | D27: =TDIST(D26, (COUNT(D3:D23) - 1), 2) -> 3.9764553e-09 | E27: =TDIST(E26, (COUNT(E3:E23) - 1), 2) -> 4.2915574e-06 | F27: p-values

Sheet Meretz-Avoda Ingroup
A1: 2019 Recurring | M1: 2021 Recurring | Y1: 2021 Only Once
A2: האם לדעתך הצגת הציבור הימני כ"לא נורמלי" משקפת את השמאל המנותק מהעם? | B2: עד כמה הדמויות הבאות נתפסות בעיניך כאמינות? 0 = דמות לא אמינה בכלל, 100 = דמות מאוד אמינה - תמר זנדברג | C2: עד כמה תמר זנדברג מעורר בך כל אחת מהתחושות הבאות?0 = כלל לא, 100 = מאוד - גאווה | D2: עד כמה תמר זנדברג מעורר בך כל אחת מהתחושות הבאות?0 = כלל לא, 100 = מאוד - תקווה | E2: עד כמה תמר זנדברג מעורר בך כל אחת מהתחושות הבאות?0 = כלל לא, 100 = מאוד - אהבה | F2: עד כמה תמר זנדברג מעורר בך כל אחת מהתחושות הבאות?0 = כלל לא, 100 = מאוד - כעס | G2: עד כמה תמר זנדברג מעורר בך כל אחת מהתחושות הבאות?0 = כלל לא, 100 = מאוד - בוז | H2: עד כמה תמר זנדברג מעורר בך כל אחת מהתחושות הבאות?0 = כלל לא, 100 = מאוד - שנאה | I2: עד כמה תמר זנדברג מעורר בך כל אחת מהתחושות הבאות?0 = כלל לא, 100 = מאוד - חרדה | J2: עד כמה תמר זנדברג מעורר בך כל אחת מהתחושות הבאות?0 = כלל לא, 100 = מאוד - ייאוש | K2: עד כמה תמר זנדברג מעורר בך כל אחת מהתחושות הבאות?0 = כלל לא, 100 = מאוד - אדישות | L2: עד כמה תמר זנדברג מעורר בך כל אחת מהתחושות הבאות?0 = כלל לא, 100 = מאוד - גועל | M2: האם לדעתך הצגת הציבור הימני כ"לא נורמלי" משקפת את השמאל המנותק מהעם? | N2: עד כמה הדמויות הבאות נתפסות בעיניך כאמינות? 0 = דמות לא אמינה בכלל, 100 = דמות מאוד אמינה - תמר זנדברג | O2: עד כמה תמר זנדברג מעורר בך כל אחת מהתחושות הבאות?0 = כלל לא, 100 = מאוד - גאווה | P2: עד כמה תמר זנדברג מעורר בך כל אחת מהתחושות הבאות?0 = כלל לא, 100 = מאוד - תקווה | Q2: עד כמה תמר זנדברג מעורר בך כל אחת מהתחושות הבאות?0 = כלל לא, 100 = מאוד - אהבה | R2: עד כמה תמר זנדברג מעורר בך כל אחת מהתחושות הבאות?0 = כלל לא, 100 = מאוד - כעס | S2: עד כמה תמר זנדברג מעורר בך כל אחת מהתחושות הבאות?0 = כלל לא, 100 = מאוד - בוז | T2: עד כמה תמר זנדברג מעורר בך כל אחת מהתחושות הבאות?0 = כלל לא, 100 = מאוד - שנאה | U2: עד כמה תמר זנדברג מעורר בך כל אחת מהתחושות הבאות?0 = כלל לא, 100 = מאוד - חרדה | V2: עד כמה תמר זנדברג מעורר בך כל אחת מהתחושות הבאות?0 = כלל לא, 100 = מאוד - ייאוש | W2: עד כמה תמר זנדברג מעורר בך כל אחת מהתחושות הבאות?0 = כלל לא, 100 = מאוד - אדישות | X2: עד כמה תמר זנדברג מעורר בך כל אחת מהתחושות הבאות?0 = כלל לא, 100 = מאוד - גועל | Y2: עד כמה הדעות שלך על תמר זנדברג השתנו מאז מרץ 2019? | Z2: באיזו מידה דעותיך כלפי מירב מיכאלי השתנו מאז מרץ 2019? | AA2: עד כמה הדעות שלך על אבי גבאי השתנו מאז שהוא פרש ממפלגת העבודה?
A3: 27 | B3: 71 | C3: 20 | D3: 40 | E3: 0 | F3: 0 | G3: 0 | H3: 0 | I3: 0 | J3: 0 | K3: 0 | L3: 0 | M3: 1 | N3: 75 | O3: 30 | P3: 40 | Q3: 0 | R3: 10 | S3: 0 | T3: 0 | U3: 0 | V3: 0 | W3: 0 | X3: 1 | Y3: 64 | Z3: 100 | AA3: 54 | AC3: =AVERAGE(M3:AA3) -> 25
A4: 14 | B4: 100 | C4: 90 | D4: 100 | E4: 90 | F4: 0 | G4: 0 | H4: 0 | I4: 0 | J4: 0 | K4: 0 | L4: 0 | M4: 17 | N4: 80 | O4: 90 | P4: 100 | Q4: 80 | R4: 0 | S4: 0 | T4: 0 | U4: 0 | V4: 0 | W4: 0 | X4: 0 | Y4: 6 | Z4: 26 | AA4: 96 | AC4: =AVERAGE(M4:AA4) -> 33
A5: 92 | B5: 60 | C5: 0 | D5: 0 | E5: 0 | F5: 66 | G5: 66 | H5: 80 | I5: 0 | J5: 90 | K5: 38 | L5: 0 | M5: 82 | N5: 60 | O5: 6 | P5: 8 | Q5: 7 | R5: 66 | S5: 56 | T5: 57 | U5: 3 | V5: 85 | W5: 3 | X5: 32 | Y5: 37 | Z5: 100 | AA5: 0 | AC5: =AVERAGE(M5:AA5) -> 40.133333
A6: 57 | B6: 91 | C6: 64 | D6: 69 | E6: 74 | F6: 18 | G6: 4 | H6: 2 | I6: 17 | J6: 22 | K6: 2 | L6: 4 | M6: 77 | N6: 60 | O6: 41 | P6: 39 | Q6: 46 | R6: 32 | S6: 5 | T6: 6 | U6: 25 | V6: 2 | W6: 4 | X6: 3 | Y6: 65 | Z6: 74 | AA6: 33 | AC6: =AVERAGE(M6:AA6) -> 34.133333
A7: 13 | B7: 100 | C7: 91 | D7: 100 | E7: 90 | F7: 0 | G7: 0 | H7: 0 | I7: 0 | J7: 0 | K7: 0 | L7: 0 | M7: 24 | N7: 100 | O7: 18 | P7: 28 | Q7: 3 | R7: 0 | S7: 0 | T7: 0 | U7: 0 | V7: 0 | W7: 0 | X7: 0 | Y7: 8 | Z7: 55 | AA7: 48 | AC7: =AVERAGE(M7:AA7) -> 18.933333
A8: 7 | B8: 99 | C8: 50 | D8: 81 | E8: 47 | F8: 5 | G8: 0 | H8: 0 | I8: 0 | J8: 0 | K8: 0 | L8: 0 | M8: 6 | N8: 100 | O8: 23 | P8: 9 | Q8: 27 | R8: 0 | S8: 0 | T8: 0 | U8: 0 | V8: 7 | W8: 0 | X8: 0 | Y8: 1 | Z8: 55 | AA8: 33 | AC8: =AVERAGE(M8:AA8) -> 17.4
A9: 31 | B9: 80 | C9: 40 | D9: 30 | E9: 15 | F9: 0 | G9: 5 | H9: 3 | I9: 10 | J9: 3 | K9: 8 | L9: 5 | M9: 69 | N9: 84 | O9: 52 | P9: 65 | Q9: 71 | R9: 5 | S9: 6 | T9: 0 | U9: 9 | V9: 10 | W9: 15 | X9: 0 | Y9: 36 | Z9: 79 | AA9: 97 | AC9: =AVERAGE(M9:AA9) -> 39.866667
A10: 75 | B10: 82 | C10: 0 | D10: 0 | E10: 0 | F10: 0 | G10: 100 | H10: 0 | I10: 0 | J10: 58 | K10: 0 | L10: 0 | M10: 100 | N10: 100 | O10: 0 | P10: 0 | Q10: 0 | R10: 0 | S10: 100 | T10: 0 | U10: 0 | V10: 0 | W10: 0 | X10: 0 | Y10: 10 | Z10: 0 | AA10: 0 | AC10: =AVERAGE(M10:AA10) -> 20.666667
A11: 66 | B11: 45 | C11: 17 | D11: 48 | E11: 8 | F11: 65 | G11: 19 | H11: 0 | I11: 0 | J11: 0 | K11: 17 | L11: 25 | M11: 81 | N11: 61 | O11: 20 | P11: 11 | Q11: 20 | R11: 43 | S11: 20 | T11: 0 | U11: 31 | V11: 0 | W11: 0 | X11: 0 | Y11: 32 | Z11: 84 | AA11: 35 | AC11: =AVERAGE(M11:AA11) -> 29.2
A12: 25 | B12: 100 | C12: 80 | D12: 30 | E12: 50 | F12: 40 | G12: 20 | H12: 0 | I12: 0 | J12: 20 | K12: 0 | L12: 0 | M12: 63 | N12: 90 | O12: 40 | P12: 40 | Q12: 40 | R12: 5 | S12: 11 | T12: 10 | U12: 0 | V12: 50 | W12: 94 | X12: 0 | Y12: 14 | Z12: 83 | AA12: 57 | AC12: =AVERAGE(M12:AA12) -> 39.8
A13: 100 | B13: 90 | C13: 0 | D13: 0 | E13: 0 | F13: 0 | G13: 30 | H13: 0 | I13: 0 | J13: 90 | K13: 10 | L13: 0 | M13: 100 | N13: 50 | O13: 0 | P13: 0 | Q13: 0 | R13: 0 | S13: 0 | T13: 0 | U13: 65 | V13: 50 | W13: 0 | X13: 0 | Y13: 0 | Z13: 5 | AA13: 50 | AC13: =AVERAGE(M13:AA13) -> 21.333333
A14: 84 | B14: 54 | C14: 3 | D14: 8 | E14: 6 | F14: 70 | G14: 72 | H14: 30 | I14: 43 | J14: 54 | K14: 28 | L14: 74 | M14: 74 | N14: 69 | O14: 40 | P14: 11 | Q14: 29 | R14: 64 | S14: 45 | T14: 3 | U14: 64 | V14: 64 | W14: 7 | X14: 0 | Y14: 10 | Z14: 94 | AA14: 3 | AC14: =AVERAGE(M14:AA14) -> 38.466667
... A23: 5 | B23: 70 | C23: 0 | D23: 0 | E23: 0 | F23: 0 | G23: 0 | H23: 0 | I23: 0 | J23: 0 | K23: 65 | L23: 0 | M23: 77 | N23: 90 | O23: 20 | P23: 0 | Q23: 5 | R23: 0 | S23: 0 | T23: 0 | U23: 0 | V23: 0 | W23: 20 | X23: 0 | Y23: 0 | Z23: 100 | AA23: 81 | AC23: =AVERAGE(M23:AA23) -> 26.2
X26: t-values | Y26: =(AVERAGE(Y3:Y23)/(STDEV(Y3:Y23)/SQRT(COUNT(Y3:Y23)))) -> 4.123462 | Z26: =(AVERAGE(Z3:Z23)/(STDEV(Z3:Z23)/SQRT(COUNT(Z3:Z23)))) -> 7.4613799 | AA26: =(AVERAGE(AA3:AA23)/(STDEV(AA3:AA23)/SQRT(COUNT(AA3:AA23)))) -> 5.0754032
X27: p-values | Y27: =TDIST(Y26, (COUNT(Y3:Y23) - 1), 2) -> 0.00052709448 | Z27: =TDIST(Z26, (COUNT(Z3:Z23) - 1), 2) -> 3.363081e-07 | AA27: =TDIST(AA26, (COUNT(AA3:AA23) - 1), 2) -> 5.7806762e-05

Sheet Bibiindictment General
A1: 2019 Recurring | N1: 2021 Recurring | AA1: 2021 Only Once
A2: לדעתך, האם הגשת כתב האישום נגד ביבי לפני הבחירות, ללא אפשרות לסיים את ההליך עד תום הבחירות, פוגעת בדמוקרטיה הישראלית? | B2: האם לדעתך, כאשר ביבי דיבר על הסבל שעברה משפחתו בשלוש השנים האחרונות, ניכר כי הוא באמת התרגש? | C2: עד כמה הדמויות הבאות נתפסות בעיניך כאמינות? 0 = דמות לא אמינה בכלל, 100 = דמות מאוד אמינה - בינימין נתניהו | D2: עד כמה בינימין נתניהו מעורר בך כל אחת מהתחושות הבאות?0 = כלל לא, 100 = מאוד - גאווה | E2: עד כמה בינימין נתניהו מעורר בך כל אחת מהתחושות הבאות?0 = כלל לא, 100 = מאוד - תקווה | F2: עד כמה בינימין נתניהו מעורר בך כל אחת מהתחושות הבאות?0 = כלל לא, 100 = מאוד - אהבה | G2: עד כמה בינימין נתניהו מעורר בך כל אחת מהתחושות הבאות?0 = כלל לא, 100 = מאוד - כעס | H2: עד כמה בינימין נתניהו מעורר בך כל אחת מהתחושות הבאות?0 = כלל לא, 100 = מאוד - בוז | I2: עד כמה בינימין נתניהו מעורר בך כל אחת מהתחושות הבאות?0 = כלל לא, 100 = מאוד - שנאה | J2: עד כמה בינימין נתניהו מעורר בך כל אחת מהתחושות הבאות?0 = כלל לא, 100 = מאוד - חרדה | K2: עד כמה בינימין נתניהו מעורר בך כל אחת מהתחושות הבאות?0 = כלל לא, 100 = מאוד - ייאוש | L2: עד כמה בינימין נתניהו מעורר בך כל אחת מהתחושות הבאות?0 = כלל לא, 100 = מאוד - אדישות | M2: עד כמה בינימין נתניהו מעורר בך כל אחת מהתחושות הבאות?0 = כלל לא, 100 = מאוד - גועל | N2: לדעתך, האם הגשת כתב האישום נגד ביבי לפני הבחירות, ללא אפשרות לסיים את ההליך עד תום הבחירות, פוגעת בדמוקרטיה הישראלית? | O2: האם לדעתך, כאשר ביבי דיבר על הסבל שעברה משפחתו בשלוש השנים האחרונות, ניכר כי הוא באמת התרגש? | P2: עד כמה הדמויות הבאות נתפסות בעיניך כאמינות? 0 = דמות לא אמינה בכלל, 100 = דמות מאוד אמינה - בינימין נתניהו | Q2: עד כמה בינימין נתניהו מעורר בך כל אחת מהתחושות הבאות?0 = כלל לא, 100 = מאוד - גאווה | R2: עד כמה בינימין נתניהו מעורר בך כל אחת מהתחושות הבאות?0 = כלל לא, 100 = מאוד - תקווה | S2: עד כמה בינימין נתניהו מעורר בך כל אחת מהתחושות הבאות?0 = כלל לא, 100 = מאוד - אהבה | T2: עד כמה בינימין נתניהו מעורר בך כל אחת מהתחושות הבאות?0 = כלל לא, 100 = מאוד - כעס | U2: עד כמה בינימין נתניהו מעורר בך כל אחת מהתחושות הבאות?0 = כלל לא, 100 = מאוד - בוז | V2: עד כמה בינימין נתניהו מעורר בך כל אחת מהתחושות הבאות?0 = כלל לא, 100 = מאוד - שנאה | W2: עד כמה בינימין נתניהו מעורר בך כל אחת מהתחושות הבאות?0 = כלל לא, 100 = מאוד - חרדה | X2: עד כמה בינימין נתניהו מעורר בך כל אחת מהתחושות הבאות?0 = כלל לא, 100 = מאוד - ייאוש | Y2: עד כמה בינימין נתניהו מעורר בך כל אחת מהתחושות הבאות?0 = כלל לא, 100 = מאוד - אדישות | Z2: עד כמה בינימין נתניהו מעורר בך כל אחת מהתחושות הבאות?0 = כלל לא, 100 = מאוד - גועל | AA2: עד כמה דעתך על טיעונו של נתניהו שהגשת כתב האישום הייתה על מנת להשפיע על הבחירות, השתנתה מאז מרץ 2019? | AB2: עד כמה דעתך כלפי הטענה שמגדל הקלפים יקרוס אחרי הבחירות, השתנתה מאז מרץ 2019? | AC2: עד כמה דעתך על טענת נתניהו שפתיחת השימוע לפני הבחירות הייתה פגיעה בדמוקרטיה, השתנתה מאז מרץ 2019? | AD2: עד כמה, לדעתך, השתנתה הדעה שלך לגבי הסרטון מאז צפית בו לראשונה במרץ 2019?
A3: 4 | B3: 62 | C3: 29 | D3: 20 | E3: 20 | F3: 20 | G3: 80 | H3: 80 | I3: 10 | J3: 10 | K3: 70 | L3: 0 | M3: 65 | N3: 1 | O3: 50 | P3: 0 | Q3: 10 | R3: 10 | S3: 1 | T3: 99 | U3: 80 | V3: 10 | W3: 60 | X3: 57 | Y3: 0 | Z3: 70 | AA3: 1 | AB3: 73 | AC3: 1 | AD3: 1
A4: 13 | B4: 66 | C4: 10 | D4: 0 | E4: 10 | F4: 0 | G4: 70 | H4: 90 | I4: 40 | J4: 0 | K4: 100 | L4: 65 | M4: 20 | N4: 0 | O4: 7 | P4: 15 | Q4: 0 | R4: 0 | S4: 0 | T4: 80 | U4: 100 | V4: 60 | W4: 0 | X4: 80 | Y4: 50 | Z4: 10 | AA4: 3 | AB4: 5 | AC4: 4 | AD4: 3
A5: 31 | B5: 61 | C5: 45 | D5: 30 | E5: 10 | F5: 65 | G5: 10 | H5: 30 | I5: 10 | J5: 15 | K5: 15 | L5: 80 | M5: 9 | N5: 41 | O5: 63 | P5: 29 | Q5: 80 | R5: 0 | S5: 90 | T5: 30 | U5: 65 | V5: 65 | W5: 20 | X5: 11 | Y5: 6 | Z5: 40 | AA5: 40 | AB5: 0 | AC5: 14 | AD5: 20
A6: 42 | B6: 66 | C6: 60 | D6: 51 | E6: 40 | F6: 40 | G6: 71 | H6: 62 | I6: 19 | J6: 49 | K6: 73 | L6: 16 | M6: 60 | N6: 36 | O6: 70 | P6: 2 | Q6: 20 | R6: 10 | S6: 2 | T6: 80 | U6: 80 | V6: 40 | W6: 5 | X6: 64 | Y6: 1 | Z6: 65 | AA6: 18 | AB6: 27 | AC6: 25 | AD6: 28
A7: 43 | B7: 50 | C7: 0 | D7: 0 | E7: 0 | F7: 0 | G7: 93 | H7: 93 | I7: 93 | J7: 93 | K7: 100 | L7: 0 | M7: 91 | N7: 24 | O7: 10 | P7: 1 | Q7: 0 | R7: 0 | S7: 0 | T7: 39 | U7: 40 | V7: 39 | W7: 38 | X7: 46 | Y7: 0 | Z7: 49 | AA7: 10 | AB7: 14 | AC7: 10 | AD7: 25
A8: 42 | B8: 100 | C8: 0 | D8: 37 | E8: 0 | F8: 0 | G8: 88 | H8: 14 | I8: 0 | J8: 69 | K8: 92 | L8: 2 | M8: 41 | N8: 2 | O8: 100 | P8: 0 | Q8: 6 | R8: 0 | S8: 0 | T8: 78 | U8: 12 | V8: 51 | W8: 42 | X8: 21 | Y8: 0 | Z8: 0 | AA8: 2 | AB8: 16 | AC8: 0 | AD8: 0
A9: 23 | B9: 55 | C9: 0 | D9: 5 | E9: 0 | F9: 0 | G9: 20 | H9: 25 | I9: 5 | J9: 20 | K9: 35 | L9: 40 | M9: 30 | N9: 84 | O9: 62 | P9: 6 | Q9: 27 | R9: 8 | S9: 1 | T9: 42 | U9: 64 | V9: 45 | W9: 92 | X9: 100 | Y9: 17 | Z9: 46 | AA9: 78 | AB9: 78 | AC9: 60 | AD9: 69
A10: 0 | B10: 72 | C10: 0 | D10: 0 | E10: 0 | F10: 0 | G10: 57 | H10: 100 | I10: 100 | J10: 0 | K10: 0 | L10: 0 | M10: 100 | N10: 49 | O10: 100 | P10: 0 | Q10: 0 | R10: 0 | S10: 0 | T10: 100 | U10: 100 | V10: 100 | W10: 100 | X10: 100 | Y10: 100 | Z10: 100 | AA10: 0 | AB10: 0 | AC10: 0 | AD10: 0
A11: 37 | B11: 16 | C11: 19 | D11: 21 | E11: 8 | F11: 3 | G11: 48 | H11: 63 | I11: 24 | J11: 70 | K11: 100 | L11: 31 | M11: 49 | N11: 13 | O11: 82 | P11: 0 | Q11: 0 | R11: 0 | S11: 0 | T11: 80 | U11: 50 | V11: 77 | W11: 10 | X11: 90 | Y11: 0 | Z11: 30 | AA11: 10 | AB11: 0 | AC11: 0 | AD11: 0
A12: 0 | B12: 0 | C12: 0 | D12: 0 | E12: 0 | F12: 0 | G12: 100 | H12: 100 | I12: 100 | J12: 100 | K12: 100 | L12: 0 | M12: 100 | N12: 0 | O12: 0 | P12: 0 | Q12: 0 | R12: 0 | S12: 0 | T12: 100 | U12: 100 | V12: 100 | W12: 100 | X12: 100 | Y12: 0 | Z12: 100 | AA12: 0 | AB12: 0 | AC12: 0 | AD12: 0
A13: 100 | B13: 100 | C13: 90 | D13: 100 | E13: 70 | F13: 50 | G13: 0 | H13: 0 | I13: 0 | J13: 0 | K13: 0 | L13: 10 | M13: 0 | N13: 90 | O13: 63 | P13: 70 | Q13: 80 | R13: 90 | S13: 15 | T13: 0 | U13: 0 | V13: 0 | W13: 0 | X13: 0 | Y13: 0 | Z13: 0 | AA13: 0 | AB13: 16 | AC13: 0 | AD13: 13
A14: 21 | B14: 89 | C14: 20 | D14: 21 | E14: 58 | F14: 10 | G14: 63 | H14: 53 | I14: 10 | J14: 8 | K14: 25 | L14: 17 | M14: 35 | N14: 10 | O14: 95 | P14: 0 | Q14: 20 | R14: 12 | S14: 1 | T14: 90 | U14: 51 | V14: 69 | W14: 2 | X14: 4 | Y14: 4 | Z14: 5 | AA14: 10 | AB14: 18 | AC14: 14 | AD14: 16
... A23: 0 | B23: 57 | C23: 0 | D23: 0 | E23: 0 | F23: 0 | G23: 40 | H23: 70 | I23: 5 | J23: 0 | K23: 20 | L23: 20 | M23: 5 | N23: 7 | O23: 11 | P23: 0 | Q23: 0 | R23: 0 | S23: 0 | T23: 31 | U23: 31 | V23: 20 | W23: 0 | X23: 50 | Y23: 10 | Z23: 10 | AA23: 0 | AB23: 0 | AC23: 0 | AD23: 0
Z26: t-values | AA26: =(AVERAGE(AA3:AA23)/(STDEV(AA3:AA23)/SQRT(COUNT(AA3:AA23)))) -> 3.4997242 | AB26: =(AVERAGE(AB3:AB23)/(STDEV(AB3:AB23)/SQRT(COUNT(AB3:AB23)))) -> 4.3868225 | AC26: =(AVERAGE(AC3:AC23)/(STDEV(AC3:AC23)/SQRT(COUNT(AC3:AC23)))) -> 2.8905103 | AD26: =(AVERAGE(AD3:AD23)/(STDEV(AD3:AD23)/SQRT(COUNT(AD3:AD23)))) -> 3.9619604
Z27: p-values | AA27: =TDIST(AA26, (COUNT(AA3:AA23) - 1), 2) -> 0.0022565638 | AB27: =TDIST(AB26, (COUNT(AB3:AB23) - 1), 2) -> 0.00028484425 | AC27: =TDIST(AC26, (COUNT(AC3:AC23) - 1), 2) -> 0.0090434991 | AD27: =TDIST(AD26, (COUNT(AD3:AD23) - 1), 2) -> 0.00076895633

Sheet Bibiindictment Ideology
A1: 2019 Recurring | B1: 2021 Recurring | C1: 2021 Only Once
A2: לדעתך, האם הגשת כתב האישום נגד ביבי לפני הבחירות, ללא אפשרות לסיים את ההליך עד תום הבחירות, פוגעת בדמוקרטיה הישראלית? | B2: לדעתך, האם הגשת כתב האישום נגד ביבי לפני הבחירות, ללא אפשרות לסיים את ההליך עד תום הבחירות, פוגעת בדמוקרטיה הישראלית? | C2: עד כמה דעתך על טענת נתניהו שפתיחת השימוע לפני הבחירות הייתה פגיעה בדמוקרטיה, השתנתה מאז מרץ 2019? | D2: עד כמה, לדעתך, השתנתה הדעה שלך לגבי הסרטון מאז צפית בו לראשונה במרץ 2019?
A3: 4 | B3: 1 | C3: 1 | D3: 1 | F3: =AVERAGE(B3:D3) -> 1
A4: 13 | B4: 0 | C4: 4 | D4: 3 | F4: =AVERAGE(B4:D4) -> 2.3333333
A5: 31 | B5: 41 | C5: 14 | D5: 20 | F5: =AVERAGE(B5:D5) -> 25
A6: 42 | B6: 36 | C6: 25 | D6: 28 | F6: =AVERAGE(B6:D6) -> 29.666667
A7: 43 | B7: 24 | C7: 10 | D7: 25 | F7: =AVERAGE(B7:D7) -> 19.666667
A8: 42 | B8: 2 | C8: 0 | D8: 0 | F8: =AVERAGE(B8:D8) -> 0.66666667
A9: 23 | B9: 84 | C9: 60 | D9: 69 | F9: =AVERAGE(B9:D9) -> 71
A10: 0 | B10: 49 | C10: 0 | D10: 0 | F10: =AVERAGE(B10:D10) -> 16.333333
A11: 37 | B11: 13 | C11: 0 | D11: 0 | F11: =AVERAGE(B11:D11) -> 4.3333333
A12: 0 | B12: 0 | C12: 0 | D12: 0 | F12: =AVERAGE(B12:D12) -> 0
A13: 100 | B13: 90 | C13: 0 | D13: 13 | F13: =AVERAGE(B13:D13) -> 34.333333
A14: 21 | B14: 10 | C14: 14 | D14: 16 | F14: =AVERAGE(B14:D14) -> 13.333333
... A23: 0 | B23: 7 | C23: 0 | D23: 0 | F23: =AVERAGE(B23:D23) -> 2.3333333
B26: t-values | C26: =(AVERAGE(C3:C23)/(STDEV(C3:C23)/SQRT(COUNT(C3:C23)))) -> 2.8905103 | D26: =(AVERAGE(D3:D23)/(STDEV(D3:D23)/SQRT(COUNT(D3:D23)))) -> 3.9619604
B27: p-values | C27: =TDIST(C26, (COUNT(C3:C23) - 1), 2) -> 0.0090434991 | D27: =TDIST(D26, (COUNT(D3:D23) - 1), 2) -> 0.00076895633

Sheet Bibiindictment Ingroup
A1: 2019 Recurring | M1: 2021 Recurring | Y1: 2021 Only Once
A2: האם לדעתך, כאשר ביבי דיבר על הסבל שעברה משפחתו בשלוש השנים האחרונות, ניכר כי הוא באמת התרגש? | B2: עד כמה הדמויות הבאות נתפסות בעיניך כאמינות? 0 = דמות לא אמינה בכלל, 100 = דמות מאוד אמינה - בינימין נתניהו | C2: עד כמה בינימין נתניהו מעורר בך כל אחת מהתחושות הבאות?0 = כלל לא, 100 = מאוד - גאווה | D2: עד כמה בינימין נתניהו מעורר בך כל אחת מהתחושות הבאות?0 = כלל לא, 100 = מאוד - תקווה | E2: עד כמה בינימין נתניהו מעורר בך כל אחת מהתחושות הבאות?0 = כלל לא, 100 = מאוד - אהבה | F2: עד כמה בינימין נתניהו מעורר בך כל אחת מהתחושות הבאות?0 = כלל לא, 100 = מאוד - כעס | G2: עד כמה בינימין נתניהו מעורר בך כל אחת מהתחושות הבאות?0 = כלל לא, 100 = מאוד - בוז | H2: עד כמה בינימין נתניהו מעורר בך כל אחת מהתחושות הבאות?0 = כלל לא, 100 = מאוד - שנאה | I2: עד כמה בינימין נתניהו מעורר בך כל אחת מהתחושות הבאות?0 = כלל לא, 100 = מאוד - חרדה | J2: עד כמה בינימין נתניהו מעורר בך כל אחת מהתחושות הבאות?0 = כלל לא, 100 = מאוד - ייאוש | K2: עד כמה בינימין נתניהו מעורר בך כל אחת מהתחושות הבאות?0 = כלל לא, 100 = מאוד - אדישות | L2: עד כמה בינימין נתניהו מעורר בך כל אחת מהתחושות הבאות?0 = כלל לא, 100 = מאוד - גועל | M2: האם לדעתך, כאשר ביבי דיבר על הסבל שעברה משפחתו בשלוש השנים האחרונות, ניכר כי הוא באמת התרגש? | N2: עד כמה הדמויות הבאות נתפסות בעיניך כאמינות? 0 = דמות לא אמינה בכלל, 100 = דמות מאוד אמינה - בינימין נתניהו | O2: עד כמה בינימין נתניהו מעורר בך כל אחת מהתחושות הבאות?0 = כלל לא, 100 = מאוד - גאווה | P2: עד כמה בינימין נתניהו מעורר בך כל אחת מהתחושות הבאות?0 = כלל לא, 100 = מאוד - תקווה | Q2: עד כמה בינימין נתניהו מעורר בך כל אחת מהתחושות הבאות?0 = כלל לא, 100 = מאוד - אהבה | R2: עד כמה בינימין נתניהו מעורר בך כל אחת מהתחושות הבאות?0 = כלל לא, 100 = מאוד - כעס | S2: עד כמה בינימין נתניהו מעורר בך כל אחת מהתחושות הבאות?0 = כלל לא, 100 = מאוד - בוז | T2: עד כמה בינימין נתניהו מעורר בך כל אחת מהתחושות הבאות?0 = כלל לא, 100 = מאוד - שנאה | U2: עד כמה בינימין נתניהו מעורר בך כל אחת מהתחושות הבאות?0 = כלל לא, 100 = מאוד - חרדה | V2: עד כמה בינימין נתניהו מעורר בך כל אחת מהתחושות הבאות?0 = כלל לא, 100 = מאוד - ייאוש | W2: עד כמה בינימין נתניהו מעורר בך כל אחת מהתחושות הבאות?0 = כלל לא, 100 = מאוד - אדישות | X2: עד כמה בינימין נתניהו מעורר בך כל אחת מהתחושות הבאות?0 = כלל לא, 100 = מאוד - גועל | Y2: עד כמה דעתך על טיעונו של נתניהו שהגשת כתב האישום הייתה על מנת להשפיע על הבחירות, השתנתה מאז מרץ 2019? | Z2: עד כמה דעתך כלפי הטענה שמגדל הקלפים יקרוס אחרי הבחירות, השתנתה מאז מרץ 2019?
A3: 62 | B3: 29 | C3: 20 | D3: 20 | E3: 20 | F3: 80 | G3: 80 | H3: 10 | I3: 10 | J3: 70 | K3: 0 | L3: 65 | M3: 50 | N3: 0 | O3: 10 | P3: 10 | Q3: 1 | R3: 99 | S3: 80 | T3: 10 | U3: 60 | V3: 57 | W3: 0 | X3: 70 | Y3: 1 | Z3: 73 | AB3: =AVERAGE(M3:Z3) -> 37.214286
A4: 66 | B4: 10 | C4: 0 | D4: 10 | E4: 0 | F4: 70 | G4: 90 | H4: 40 | I4: 0 | J4: 100 | K4: 65 | L4: 20 | M4: 7 | N4: 15 | O4: 0 | P4: 0 | Q4: 0 | R4: 80 | S4: 100 | T4: 60 | U4: 0 | V4: 80 | W4: 50 | X4: 10 | Y4: 3 | Z4: 5 | AB4: =AVERAGE(M4:Z4) -> 29.285714
A5: 61 | B5: 45 | C5: 30 | D5: 10 | E5: 65 | F5: 10 | G5: 30 | H5: 10 | I5: 15 | J5: 15 | K5: 80 | L5: 9 | M5: 63 | N5: 29 | O5: 80 | P5: 0 | Q5: 90 | R5: 30 | S5: 65 | T5: 65 | U5: 20 | V5: 11 | W5: 6 | X5: 40 | Y5: 40 | Z5: 0 | AB5: =AVERAGE(M5:Z5) -> 38.5
A6: 66 | B6: 60 | C6: 51 | D6: 40 | E6: 40 | F6: 71 | G6: 62 | H6: 19 | I6: 49 | J6: 73 | K6: 16 | L6: 60 | M6: 70 | N6: 2 | O6: 20 | P6: 10 | Q6: 2 | R6: 80 | S6: 80 | T6: 40 | U6: 5 | V6: 64 | W6: 1 | X6: 65 | Y6: 18 | Z6: 27 | AB6: =AVERAGE(M6:Z6) -> 34.571429
A7: 50 | B7: 0 | C7: 0 | D7: 0 | E7: 0 | F7: 93 | G7: 93 | H7: 93 | I7: 93 | J7: 100 | K7: 0 | L7: 91 | M7: 10 | N7: 1 | O7: 0 | P7: 0 | Q7: 0 | R7: 39 | S7: 40 | T7: 39 | U7: 38 | V7: 46 | W7: 0 | X7: 49 | Y7: 10 | Z7: 14 | AB7: =AVERAGE(M7:Z7) -> 20.428571
A8: 100 | B8: 0 | C8: 37 | D8: 0 | E8: 0 | F8: 88 | G8: 14 | H8: 0 | I8: 69 | J8: 92 | K8: 2 | L8: 41 | M8: 100 | N8: 0 | O8: 6 | P8: 0 | Q8: 0 | R8: 78 | S8: 12 | T8: 51 | U8: 42 | V8: 21 | W8: 0 | X8: 0 | Y8: 2 | Z8: 16 | AB8: =AVERAGE(M8:Z8) -> 23.428571
A9: 55 | B9: 0 | C9: 5 | D9: 0 | E9: 0 | F9: 20 | G9: 25 | H9: 5 | I9: 20 | J9: 35 | K9: 40 | L9: 30 | M9: 62 | N9: 6 | O9: 27 | P9: 8 | Q9: 1 | R9: 42 | S9: 64 | T9: 45 | U9: 92 | V9: 100 | W9: 17 | X9: 46 | Y9: 78 | Z9: 78 | AB9: =AVERAGE(M9:Z9) -> 47.571429
A10: 72 | B10: 0 | C10: 0 | D10: 0 | E10: 0 | F10: 57 | G10: 100 | H10: 100 | I10: 0 | J10: 0 | K10: 0 | L10: 100 | M10: 100 | N10: 0 | O10: 0 | P10: 0 | Q10: 0 | R10: 100 | S10: 100 | T10: 100 | U10: 100 | V10: 100 | W10: 100 | X10: 100 | Y10: 0 | Z10: 0 | AB10: =AVERAGE(M10:Z10) -> 57.142857
A11: 16 | B11: 19 | C11: 21 | D11: 8 | E11: 3 | F11: 48 | G11: 63 | H11: 24 | I11: 70 | J11: 100 | K11: 31 | L11: 49 | M11: 82 | N11: 0 | O11: 0 | P11: 0 | Q11: 0 | R11: 80 | S11: 50 | T11: 77 | U11: 10 | V11: 90 | W11: 0 | X11: 30 | Y11: 10 | Z11: 0 | AB11: =AVERAGE(M11:Z11) -> 30.642857
A12: 0 | B12: 0 | C12: 0 | D12: 0 | E12: 0 | F12: 100 | G12: 100 | H12: 100 | I12: 100 | J12: 100 | K12: 0 | L12: 100 | M12: 0 | N12: 0 | O12: 0 | P12: 0 | Q12: 0 | R12: 100 | S12: 100 | T12: 100 | U12: 100 | V12: 100 | W12: 0 | X12: 100 | Y12: 0 | Z12: 0 | AB12: =AVERAGE(M12:Z12) -> 42.857143
A13: 100 | B13: 90 | C13: 100 | D13: 70 | E13: 50 | F13: 0 | G13: 0 | H13: 0 | I13: 0 | J13: 0 | K13: 10 | L13: 0 | M13: 63 | N13: 70 | O13: 80 | P13: 90 | Q13: 15 | R13: 0 | S13: 0 | T13: 0 | U13: 0 | V13: 0 | W13: 0 | X13: 0 | Y13: 0 | Z13: 16 | AB13: =AVERAGE(M13:Z13) -> 23.857143
A14: 89 | B14: 20 | C14: 21 | D14: 58 | E14: 10 | F14: 63 | G14: 53 | H14: 10 | I14: 8 | J14: 25 | K14: 17 | L14: 35 | M14: 95 | N14: 0 | O14: 20 | P14: 12 | Q14: 1 | R14: 90 | S14: 51 | T14: 69 | U14: 2 | V14: 4 | W14: 4 | X14: 5 | Y14: 10 | Z14: 18 | AB14: =AVERAGE(M14:Z14) -> 27.214286
... A23: 57 | B23: 0 | C23: 0 | D23: 0 | E23: 0 | F23: 40 | G23: 70 | H23: 5 | I23: 0 | J23: 20 | K23: 20 | L23: 5 | M23: 11 | N23: 0 | O23: 0 | P23: 0 | Q23: 0 | R23: 31 | S23: 31 | T23: 20 | U23: 0 | V23: 50 | W23: 10 | X23: 10 | Y23: 0 | Z23: 0 | AB23: =AVERAGE(M23:Z23) -> 11.642857
X26: t-values | Y26: =(AVERAGE(Y3:Y23)/(STDEV(Y3:Y23)/SQRT(COUNT(Y3:Y23)))) -> 3.4997242 | Z26: =(AVERAGE(Z3:Z23)/(STDEV(Z3:Z23)/SQRT(COUNT(Z3:Z23)))) -> 4.3868225
X27: p-values | Y27: =TDIST(Y26, (COUNT(Y3:Y23) - 1), 2) -> 0.0022565638 | Z27: =TDIST(Z26, (COUNT(Z3:Z23) - 1), 2) -> 0.00028484425

Sheet Shelirabin General
A1: 2019 Recurring | P1: 2021 Recurring | AE1: 2021 Only Once
A2: עד כמה לדעתך טוקבק בעל תוכן מסיט הוא חמור ממש כמו איומים לרצח? | B2: עד כמה את/ה חושב/ת שהזכרת העובדה שיצחק רבין התפטר מתפקיד ראש הממשלה כאשר אישתו נחשדה בפללים רלוונטית? | C2: עד כמה את/ה מסכים/ה עם האמירה שההסתה והשיח האלים מגיעים גם משמאל וגם מימין? | D2: עד כמה לדעתך התקשרות בכללותה מגוייסת לשמאל? | E2: עד כמה הדמויות הבאות נתפסות בעיניך כאמינות? 0 = דמות לא אמינה בכלל, 100 = דמות מאוד אמינה - שלי יחימוביץ | F2: עד כמה שלי יחימוביץ' מעורר בך כל אחת מהתחושות הבאות?0 = כלל לא, 100 = מאוד - גאווה | G2: עד כמה שלי יחימוביץ' מעורר בך כל אחת מהתחושות הבאות?0 = כלל לא, 100 = מאוד - תקווה | H2: עד כמה שלי יחימוביץ' מעורר בך כל אחת מהתחושות הבאות?0 = כלל לא, 100 = מאוד - אהבה | I2: עד כמה שלי יחימוביץ' מעורר בך כל אחת מהתחושות הבאות?0 = כלל לא, 100 = מאוד - כעס | J2: עד כמה שלי יחימוביץ' מעורר בך כל אחת מהתחושות הבאות?0 = כלל לא, 100 = מאוד - בוז | K2: עד כמה שלי יחימוביץ' מעורר בך כל אחת מהתחושות הבאות?0 = כלל לא, 100 = מאוד - שנאה | L2: עד כמה שלי יחימוביץ' מעורר בך כל אחת מהתחושות הבאות?0 = כלל לא, 100 = מאוד - חרדה | M2: עד כמה שלי יחימוביץ' מעורר בך כל אחת מהתחושות הבאות?0 = כלל לא, 100 = מאוד - ייאוש | N2: עד כמה שלי יחימוביץ' מעורר בך כל אחת מהתחושות הבאות?0 = כלל לא, 100 = מאוד - אדישות | O2: עד כמה שלי יחימוביץ' מעורר בך כל אחת מהתחושות הבאות?0 = כלל לא, 100 = מאוד - גועל | P2: עד כמה לדעתך טוקבק בעל תוכן מסיט הוא חמור ממש כמו איומים לרצח? | Q2: עד כמה את/ה חושב/ת שהזכרת העובדה שיצחק רבין התפטר מתפקיד ראש הממשלה כאשר אישתו נחשדה בפללים רלוונטית? | R2: עד כמה את/ה מסכים/ה עם האמירה שההסתה והשיח האלים מגיעים גם משמאל וגם מימין? | S2: עד כמה לדעתך התקשרות בכללותה מגוייסת לשמאל? | T2: עד כמה הדמויות הבאות נתפסות בעיניך כאמינות? 0 = דמות לא אמינה בכלל, 100 = דמות מאוד אמינה - שלי יחימוביץ | U2: עד כמה שלי יחימוביץ' מעורר בך כל אחת מהתחושות הבאות?0 = כלל לא, 100 = מאוד - גאווה | V2: עד כמה שלי יחימוביץ' מעורר בך כל אחת מהתחושות הבאות?0 = כלל לא, 100 = מאוד - תקווה | W2: עד כמה שלי יחימוביץ' מעורר בך כל אחת מהתחושות הבאות?0 = כלל לא, 100 = מאוד - אהבה | X2: עד כמה שלי יחימוביץ' מעורר בך כל אחת מהתחושות הבאות?0 = כלל לא, 100 = מאוד - כעס | Y2: עד כמה שלי יחימוביץ' מעורר בך כל אחת מהתחושות הבאות?0 = כלל לא, 100 = מאוד - בוז | Z2: עד כמה שלי יחימוביץ' מעורר בך כל אחת מהתחושות הבאות?0 = כלל לא, 100 = מאוד - שנאה | AA2: עד כמה שלי יחימוביץ' מעורר בך כל אחת מהתחושות הבאות?0 = כלל לא, 100 = מאוד - חרדה | AB2: עד כמה שלי יחימוביץ' מעורר בך כל אחת מהתחושות הבאות?0 = כלל לא, 100 = מאוד - ייאוש | AC2: עד כמה שלי יחימוביץ' מעורר בך כל אחת מהתחושות הבאות?0 = כלל לא, 100 = מאוד - אדישות | AD2: עד כמה שלי יחימוביץ' מעורר בך כל אחת מהתחושות הבאות?0 = כלל לא, 100 = מאוד - גועל | AE2: עד כמה הדעה שלך לגבי הסרטון השתנתה מאז שצפית בו לראשונה במרץ 2019?
A3: 70 | C3: 40 | D3: 53 | E3: 76 | F3: 30 | G3: 20 | H3: 0 | I3: 0 | J3: 0 | K3: 0 | L3: 0 | M3: 0 | N3: 50 | O3: 0 | P3: 44 | Q3: 50 | R3: 12 | S3: 51 | T3: 99 | U3: 20 | V3: 10 | W3: 0 | X3: 20 | Y3: 0 | Z3: 0 | AA3: 0 | AB3: 0 | AC3: 10 | AD3: 0 | AE3: 13
A4: 35 | C4: 19 | D4: 21 | E4: 90 | F4: 80 | G4: 80 | H4: 90 | I4: 0 | J4: 0 | K4: 0 | L4: 0 | M4: 0 | N4: 0 | O4: 0 | P4: 59 | Q4: 61 | R4: 17 | S4: 27 | T4: 85 | U4: 90 | V4: 85 | W4: 90 | X4: 0 | Y4: 0 | Z4: 0 | AA4: 0 | AB4: 0 | AC4: 0 | AD4: 0 | AE4: 52
A5: 26 | B5: 35 | C5: 43 | D5: 64 | E5: 50 | F5: 0 | G5: 0 | H5: 0 | I5: 21 | J5: 18 | K5: 36 | L5: 0 | M5: 0 | N5: 50 | O5: 0 | P5: 12 | Q5: 57 | R5: 43 | S5: 56 | T5: 80 | U5: 10 | V5: 10 | W5: 20 | X5: 66 | Y5: 7 | Z5: 4 | AA5: 5 | AB5: 4 | AC5: 27 | AD5: 4 | AE5: 33
A6: 65 | B6: 81 | C6: 39 | D6: 68 | E6: 91 | F6: 61 | G6: 73 | H6: 69 | I6: 19 | J6: 8 | K6: 7 | L6: 7 | M6: 18 | N6: 1 | O6: 3 | P6: 21 | Q6: 68 | R6: 26 | S6: 76 | T6: 80 | U6: 61 | V6: 64 | W6: 66 | X6: 21 | Y6: 2 | Z6: 5 | AA6: 57 | AB6: 4 | AC6: 5 | AD6: 3 | AE6: 26
A7: 7 | B7: 92 | C7: 55 | D7: 53 | E7: 78 | F7: 0 | G7: 21 | H7: 0 | I7: 0 | J7: 0 | K7: 0 | L7: 0 | M7: 0 | N7: 0 | O7: 0 | P7: 0 | Q7: 86 | R7: 3 | S7: 45 | T7: 100 | U7: 49 | V7: 42 | W7: 2 | X7: 0 | Y7: 0 | Z7: 0 | AA7: 0 | AB7: 0 | AC7: 0 | AD7: 0 | AE7: 0
A8: 56 | B8: 52 | C8: 0 | D8: 86 | E8: 97 | F8: 86 | G8: 88 | H8: 82 | I8: 0 | J8: 0 | K8: 0 | L8: 0 | M8: 0 | N8: 0 | O8: 0 | P8: 33 | Q8: 48 | R8: 32 | S8: 20 | T8: 100 | U8: 39 | V8: 20 | W8: 63 | X8: 0 | Y8: 0 | Z8: 0 | AA8: 0 | AB8: 20 | AC8: 0 | AD8: 0 | AE8: 0
A9: 0 | B9: 68 | C9: 20 | D9: 63 | E9: 75 | F9: 30 | G9: 20 | H9: 10 | I9: 0 | J9: 3 | K9: 0 | L9: 0 | M9: 0 | N9: 10 | O9: 0 | P9: 15 | Q9: 75 | R9: 3 | S9: 77 | T9: 87 | U9: 96 | V9: 88 | W9: 73 | X9: 2 | Y9: 1 | Z9: 0 | AA9: 8 | AB9: 10 | AC9: 5 | AD9: 0 | AE9: 71
A10: 60 | B10: 77 | C10: 0 | D10: 100 | E10: 52 | F10: 0 | G10: 0 | H10: 0 | I10: 100 | J10: 100 | K10: 0 | L10: 0 | M10: 0 | N10: 0 | O10: 0 | P10: 61 | Q10: 100 | R10: 0 | S10: 86 | T10: 100 | U10: 0 | V10: 0 | W10: 0 | X10: 0 | Y10: 0 | Z10: 59 | AA10: 0 | AB10: 0 | AC10: 0 | AD10: 0 | AE10: 0
A11: 12 | B11: 65 | C11: 30 | D11: 59 | E11: 82 | F11: 76 | G11: 79 | H11: 50 | I11: 7 | J11: 0 | K11: 0 | L11: 0 | M11: 0 | N11: 0 | O11: 0 | P11: 15 | Q11: 90 | R11: 24 | S11: 16 | T11: 85 | U11: 81 | V11: 40 | W11: 83 | X11: 0 | Y11: 0 | Z11: 0 | AA11: 0 | AB11: 0 | AC11: 38 | AD11: 0 | AE11: 4
A12: 11 | B12: 5 | C12: 6 | D12: 1 | E12: 100 | F12: 80 | G12: 50 | H12: 50 | I12: 0 | J12: 0 | K12: 0 | L12: 0 | M12: 10 | N12: 0 | O12: 0 | P12: 0 | Q12: 73 | R12: 10 | S12: 15 | T12: 90 | U12: 50 | V12: 17 | W12: 50 | X12: 20 | Y12: 5 | Z12: 0 | AA12: 0 | AB12: 32 | AC12: 29 | AD12: 0 | AE12: 0
A13: 66 | B13: 100 | C13: 100 | D13: 96 | E13: 90 | F13: 0 | G13: 0 | H13: 0 | I13: 0 | J13: 0 | K13: 0 | L13: 70 | M13: 70 | N13: 0 | O13: 0 | P13: 11 | Q13: 0 | R13: 100 | S13: 97 | T13: 30 | U13: 0 | V13: 0 | W13: 0 | X13: 10 | Y13: 0 | Z13: 0 | AA13: 90 | AB13: 40 | AC13: 0 | AD13: 0 | AE13: 10
A14: 11 | B14: 30 | C14: 81 | D14: 74 | E14: 85 | F14: 6 | G14: 5 | H14: 23 | I14: 61 | J14: 23 | K14: 18 | L14: 65 | M14: 65 | N14: 6 | O14: 9 | P14: 64 | Q14: 69 | R14: 64 | S14: 3 | T14: 86 | U14: 10 | V14: 4 | W14: 1 | X14: 4 | Y14: 1 | Z14: 5 | AA14: 50 | AB14: 4 | AC14: 1 | AD14: 0 | AE14: 24
A15: 0 | B15: 73 | C15: 35 | D15: 25 | E15: 6 | F15: 0 | G15: 5 | H15: 0 | I15: 0 | J15: 30 | K15: 0 | L15: 0 | M15: 60 | N15: 0 | O15: 0 | P15: 13 | Q15: 37 | R15: 16 | S15: 7 | T15: 3 | U15: 11 | V15: 8 | W15: 6 | X15: 0 | Y15: 0 | Z15: 0 | AA15: 1 | AB15: 36 | AC15: 0 | AD15: 0 | AE15: 15
A16: 18 | B16: 10 | C16: 78 | D16: 92 | E16: 92 | F16: 2 | G16: 2 | H16: 2 | I16: 61 | J16: 38 | K16: 3 | L16: 7 | M16: 86 | N16: 16 | O16: 59 | P16: 13 | Q16: 25 | R16: 71 | S16: 86 | T16: 58 | U16: 4 | V16: 5 | W16: 4 | X16: 40 | Y16: 53 | Z16: 2 | AA16: 32 | AB16: 52 | AC16: 33 | AD16: 1 | AE16: 21
... A23: 19 | B23: 78 | C23: 1 | D23: 81 | E23: 70 | F23: 0 | G23: 9 | H23: 0 | I23: 0 | J23: 0 | K23: 0 | L23: 0 | M23: 0 | N23: 6 | O23: 0 | P23: 65 | Q23: 100 | R23: 6 | S23: 81 | T23: 90 | U23: 0 | V23: 0 | W23: 0 | X23: 0 | Y23: 0 | Z23: 0 | AA23: 0 | AB23: 0 | AC23: 51 | AD23: 0 | AE23: 13
AD26: t-values | AE26: =(AVERAGE(AE3:AE23)/(STDEV(AE3:AE23)/SQRT(COUNT(AE3:AE23)))) -> 4.1776596
AD27: p-values | AE27: =TDIST(AE26, (COUNT(AE3:AE23) - 1), 2) -> 0.00046435089

Sheet Shelirabin Ideology
A1: 2019 Recurring | C1: 2021 Recurring
A2: עד כמה לדעתך טוקבק בעל תוכן מסיט הוא חמור ממש כמו איומים לרצח? | B2: עד כמה את/ה חושב/ת שהזכרת העובדה שיצחק רבין התפטר מתפקיד ראש הממשלה כאשר אישתו נחשדה בפללים רלוונטית? | C2: עד כמה לדעתך טוקבק בעל תוכן מסיט הוא חמור ממש כמו איומים לרצח? | D2: עד כמה את/ה חושב/ת שהזכרת העובדה שיצחק רבין התפטר מתפקיד ראש הממשלה כאשר אישתו נחשדה בפללים רלוונטית? | E2: עד כמה הדעה שלך לגבי הסרטון השתנתה מאז שצפית בו לראשונה במרץ 2019?
A3: 70 | C3: 44 | D3: 50 | E3: 13 | G3: =AVERAGE(C3:E3) -> 35.666667
A4: 35 | C4: 59 | D4: 61 | E4: 52 | G4: =AVERAGE(C4:E4) -> 57.333333
A5: 26 | B5: 35 | C5: 12 | D5: 57 | E5: 33 | G5: =AVERAGE(C5:E5) -> 34
A6: 65 | B6: 81 | C6: 21 | D6: 68 | E6: 26 | G6: =AVERAGE(C6:E6) -> 38.333333
A7: 7 | B7: 92 | C7: 0 | D7: 86 | E7: 0 | G7: =AVERAGE(C7:E7) -> 28.666667
A8: 56 | B8: 52 | C8: 33 | D8: 48 | E8: 0 | G8: =AVERAGE(C8:E8) -> 27
A9: 0 | B9: 68 | C9: 15 | D9: 75 | E9: 71 | G9: =AVERAGE(C9:E9) -> 53.666667
A10: 60 | B10: 77 | C10: 61 | D10: 100 | E10: 0 | G10: =AVERAGE(C10:E10) -> 53.666667
A11: 12 | B11: 65 | C11: 15 | D11: 90 | E11: 4 | G11: =AVERAGE(C11:E11) -> 36.333333
A12: 11 | B12: 5 | C12: 0 | D12: 73 | E12: 0 | G12: =AVERAGE(C12:E12) -> 24.333333
A13: 66 | B13: 100 | C13: 11 | D13: 0 | E13: 10 | G13: =AVERAGE(C13:E13) -> 7
A14: 11 | B14: 30 | C14: 64 | D14: 69 | E14: 24 | G14: =AVERAGE(C14:E14) -> 52.333333
A15: 0 | B15: 73 | C15: 13 | D15: 37 | E15: 15 | G15: =AVERAGE(C15:E15) -> 21.666667
A16: 18 | B16: 10 | C16: 13 | D16: 25 | E16: 21 | G16: =AVERAGE(C16:E16) -> 19.666667
... A23: 19 | B23: 78 | C23: 65 | D23: 100 | E23: 13 | G23: =AVERAGE(C23:E23) -> 59.333333
D26: t-values | E26: =(AVERAGE(E3:E23)/(STDEV(E3:E23)/SQRT(COUNT(E3:E23)))) -> 4.1776596
D27: p-values | E27: =TDIST(E26, (COUNT(E3:E23) - 1), 2) -> 0.00046435089

Sheet Shelirabin Ingroup
A1: 2019 Recurring | N1: 2021 Recurring
A2: עד כמה את/ה מסכים/ה עם האמירה שההסתה והשיח האלים מגיעים גם משמאל וגם מימין? | B2: עד כמה לדעתך התקשרות בכללותה מגוייסת לשמאל? | C2: עד כמה הדמויות הבאות נתפסות בעיניך כאמינות? 0 = דמות לא אמינה בכלל, 100 = דמות מאוד אמינה - שלי יחימוביץ | D2: עד כמה שלי יחימוביץ' מעורר בך כל אחת מהתחושות הבאות?0 = כלל לא, 100 = מאוד - גאווה | E2: עד כמה שלי יחימוביץ' מעורר בך כל אחת מהתחושות הבאות?0 = כלל לא, 100 = מאוד - תקווה | F2: עד כמה שלי יחימוביץ' מעורר בך כל אחת מהתחושות הבאות?0 = כלל לא, 100 = מאוד - אהבה | G2: עד כמה שלי יחימוביץ' מעורר בך כל אחת מהתחושות הבאות?0 = כלל לא, 100 = מאוד - כעס | H2: עד כמה שלי יחימוביץ' מעורר בך כל אחת מהתחושות הבאות?0 = כלל לא, 100 = מאוד - בוז | I2: עד כמה שלי יחימוביץ' מעורר בך כל אחת מהתחושות הבאות?0 = כלל לא, 100 = מאוד - שנאה | J2: עד כמה שלי יחימוביץ' מעורר בך כל אחת מהתחושות הבאות?0 = כלל לא, 100 = מאוד - חרדה | K2: עד כמה שלי יחימוביץ' מעורר בך כל אחת מהתחושות הבאות?0 = כלל לא, 100 = מאוד - ייאוש | L2: עד כמה שלי יחימוביץ' מעורר בך כל אחת מהתחושות הבאות?0 = כלל לא, 100 = מאוד - אדישות | M2: עד כמה שלי יחימוביץ' מעורר בך כל אחת מהתחושות הבאות?0 = כלל לא, 100 = מאוד - גועל | N2: עד כמה את/ה מסכים/ה עם האמירה שההסתה והשיח האלים מגיעים גם משמאל וגם מימין? | O2: עד כמה לדעתך התקשרות בכללותה מגוייסת לשמאל? | P2: עד כמה הדמויות הבאות נתפסות בעיניך כאמינות? 0 = דמות לא אמינה בכלל, 100 = דמות מאוד אמינה - שלי יחימוביץ | Q2: עד כמה שלי יחימוביץ' מעורר בך כל אחת מהתחושות הבאות?0 = כלל לא, 100 = מאוד - גאווה | R2: עד כמה שלי יחימוביץ' מעורר בך כל אחת מהתחושות הבאות?0 = כלל לא, 100 = מאוד - תקווה | S2: עד כמה שלי יחימוביץ' מעורר בך כל אחת מהתחושות הבאות?0 = כלל לא, 100 = מאוד - אהבה | T2: עד כמה שלי יחימוביץ' מעורר בך כל אחת מהתחושות הבאות?0 = כלל לא, 100 = מאוד - כעס | U2: עד כמה שלי יחימוביץ' מעורר בך כל אחת מהתחושות הבאות?0 = כלל לא, 100 = מאוד - בוז | V2: עד כמה שלי יחימוביץ' מעורר בך כל אחת מהתחושות הבאות?0 = כלל לא, 100 = מאוד - שנאה | W2: עד כמה שלי יחימוביץ' מעורר בך כל אחת מהתחושות הבאות?0 = כלל לא, 100 = מאוד - חרדה | X2: עד כמה שלי יחימוביץ' מעורר בך כל אחת מהתחושות הבאות?0 = כלל לא, 100 = מאוד - ייאוש | Y2: עד כמה שלי יחימוביץ' מעורר בך כל אחת מהתחושות הבאות?0 = כלל לא, 100 = מאוד - אדישות | Z2: עד כמה שלי יחימוביץ' מעורר בך כל אחת מהתחושות הבאות?0 = כלל לא, 100 = מאוד - גועל
A3: 40 | B3: 53 | C3: 76 | D3: 30 | E3: 20 | F3: 0 | G3: 0 | H3: 0 | I3: 0 | J3: 0 | K3: 0 | L3: 50 | M3: 0 | N3: 12 | O3: 51 | P3: 99 | Q3: 20 | R3: 10 | S3: 0 | T3: 20 | U3: 0 | V3: 0 | W3: 0 | X3: 0 | Y3: 10 | Z3: 0 | AB3: =AVERAGE(N3:Z3) -> 17.076923
A4: 19 | B4: 21 | C4: 90 | D4: 80 | E4: 80 | F4: 90 | G4: 0 | H4: 0 | I4: 0 | J4: 0 | K4: 0 | L4: 0 | M4: 0 | N4: 17 | O4: 27 | P4: 85 | Q4: 90 | R4: 85 | S4: 90 | T4: 0 | U4: 0 | V4: 0 | W4: 0 | X4: 0 | Y4: 0 | Z4: 0 | AB4: =AVERAGE(N4:Z4) -> 30.307692
A5: 43 | B5: 64 | C5: 50 | D5: 0 | E5: 0 | F5: 0 | G5: 21 | H5: 18 | I5: 36 | J5: 0 | K5: 0 | L5: 50 | M5: 0 | N5: 43 | O5: 56 | P5: 80 | Q5: 10 | R5: 10 | S5: 20 | T5: 66 | U5: 7 | V5: 4 | W5: 5 | X5: 4 | Y5: 27 | Z5: 4 | AB5: =AVERAGE(N5:Z5) -> 25.846154
A6: 39 | B6: 68 | C6: 91 | D6: 61 | E6: 73 | F6: 69 | G6: 19 | H6: 8 | I6: 7 | J6: 7 | K6: 18 | L6: 1 | M6: 3 | N6: 26 | O6: 76 | P6: 80 | Q6: 61 | R6: 64 | S6: 66 | T6: 21 | U6: 2 | V6: 5 | W6: 57 | X6: 4 | Y6: 5 | Z6: 3 | AB6: =AVERAGE(N6:Z6) -> 36.153846
A7: 55 | B7: 53 | C7: 78 | D7: 0 | E7: 21 | F7: 0 | G7: 0 | H7: 0 | I7: 0 | J7: 0 | K7: 0 | L7: 0 | M7: 0 | N7: 3 | O7: 45 | P7: 100 | Q7: 49 | R7: 42 | S7: 2 | T7: 0 | U7: 0 | V7: 0 | W7: 0 | X7: 0 | Y7: 0 | Z7: 0 | AB7: =AVERAGE(N7:Z7) -> 18.538462
A8: 0 | B8: 86 | C8: 97 | D8: 86 | E8: 88 | F8: 82 | G8: 0 | H8: 0 | I8: 0 | J8: 0 | K8: 0 | L8: 0 | M8: 0 | N8: 32 | O8: 20 | P8: 100 | Q8: 39 | R8: 20 | S8: 63 | T8: 0 | U8: 0 | V8: 0 | W8: 0 | X8: 20 | Y8: 0 | Z8: 0 | AB8: =AVERAGE(N8:Z8) -> 22.615385
A9: 20 | B9: 63 | C9: 75 | D9: 30 | E9: 20 | F9: 10 | G9: 0 | H9: 3 | I9: 0 | J9: 0 | K9: 0 | L9: 10 | M9: 0 | N9: 3 | O9: 77 | P9: 87 | Q9: 96 | R9: 88 | S9: 73 | T9: 2 | U9: 1 | V9: 0 | W9: 8 | X9: 10 | Y9: 5 | Z9: 0 | AB9: =AVERAGE(N9:Z9) -> 34.615385
A10: 0 | B10: 100 | C10: 52 | D10: 0 | E10: 0 | F10: 0 | G10: 100 | H10: 100 | I10: 0 | J10: 0 | K10: 0 | L10: 0 | M10: 0 | N10: 0 | O10: 86 | P10: 100 | Q10: 0 | R10: 0 | S10: 0 | T10: 0 | U10: 0 | V10: 59 | W10: 0 | X10: 0 | Y10: 0 | Z10: 0 | AB10: =AVERAGE(N10:Z10) -> 18.846154
A11: 30 | B11: 59 | C11: 82 | D11: 76 | E11: 79 | F11: 50 | G11: 7 | H11: 0 | I11: 0 | J11: 0 | K11: 0 | L11: 0 | M11: 0 | N11: 24 | O11: 16 | P11: 85 | Q11: 81 | R11: 40 | S11: 83 | T11: 0 | U11: 0 | V11: 0 | W11: 0 | X11: 0 | Y11: 38 | Z11: 0 | AB11: =AVERAGE(N11:Z11) -> 28.230769
A12: 6 | B12: 1 | C12: 100 | D12: 80 | E12: 50 | F12: 50 | G12: 0 | H12: 0 | I12: 0 | J12: 0 | K12: 10 | L12: 0 | M12: 0 | N12: 10 | O12: 15 | P12: 90 | Q12: 50 | R12: 17 | S12: 50 | T12: 20 | U12: 5 | V12: 0 | W12: 0 | X12: 32 | Y12: 29 | Z12: 0 | AB12: =AVERAGE(N12:Z12) -> 24.461538
A13: 100 | B13: 96 | C13: 90 | D13: 0 | E13: 0 | F13: 0 | G13: 0 | H13: 0 | I13: 0 | J13: 70 | K13: 70 | L13: 0 | M13: 0 | N13: 100 | O13: 97 | P13: 30 | Q13: 0 | R13: 0 | S13: 0 | T13: 10 | U13: 0 | V13: 0 | W13: 90 | X13: 40 | Y13: 0 | Z13: 0 | AB13: =AVERAGE(N13:Z13) -> 28.230769
A14: 81 | B14: 74 | C14: 85 | D14: 6 | E14: 5 | F14: 23 | G14: 61 | H14: 23 | I14: 18 | J14: 65 | K14: 65 | L14: 6 | M14: 9 | N14: 64 | O14: 3 | P14: 86 | Q14: 10 | R14: 4 | S14: 1 | T14: 4 | U14: 1 | V14: 5 | W14: 50 | X14: 4 | Y14: 1 | Z14: 0 | AB14: =AVERAGE(N14:Z14) -> 17.923077
... A23: 1 | B23: 81 | C23: 70 | D23: 0 | E23: 9 | F23: 0 | G23: 0 | H23: 0 | I23: 0 | J23: 0 | K23: 0 | L23: 6 | M23: 0 | N23: 6 | O23: 81 | P23: 90 | Q23: 0 | R23: 0 | S23: 0 | T23: 0 | U23: 0 | V23: 0 | W23: 0 | X23: 0 | Y23: 51 | Z23: 0 | AB23: =AVERAGE(N23:Z23) -> 17.538462

Sheet subtractions
B1: Neutral | I1: Yamin Hadash | L1: Gantz-Lapid | AI1: Likud | AN1: Meretz-Avoda | AZ1: Bibi's Indictment | BM1: Sheli-Rabin
B2: Q1 | C2: Q2 | D2: Q3 | E2: Q4 | F2: Q5 | G2: Q6 | H2: Q7 | I2: Q1 | J2: Q2 | K2: Q3 | L2: Q1 | M2: Q2 | N2: Q3 | O2: Q4 | P2: Q5 | Q2: Q6 | R2: Q7 | S2: Q8 | T2: Q9 | U2: Q10 | V2: Q11 | W2: Q12 | X2: Q13 | Y2: Q14 | Z2: Q15 | AA2: Q16 | AB2: Q17 | AC2: Q18 | AD2: Q19 | AE2: Q20 | AF2: Q21 | AG2: Q22 | AH2: Q23 | AI2: Q1 | AJ2: Q2 | AK2: Q3 | AL2: Q4 | AM2: Q5 | AN2: Q1 | AO2: Q2 | AP2: Q3 | AQ2: Q4 | AR2: Q5 | AS2: Q6 | AT2: Q7 | AU2: Q8 | AV2: Q9 | AW2: Q10 | AX2: Q11 | AY2: Q12 | AZ2: Q1 | BA2: Q2 | BB2: Q3 | BC2: Q4 | BD2: Q5 | BE2: Q6 | BF2: Q7 | BG2: Q8 | BH2: Q9 | BI2: Q10 | BJ2: Q11 | BK2: Q12 | BL2: Q13 | BM2: Q1 | BN2: Q2 | BO2: Q3 | BP2: Q4 | BQ2: Q5 | BR2: Q6 | BS2: Q7 | BT2: Q8 | BU2: Q9 | BV2: Q10 | BW2: Q11 | BX2: Q12 | BY2: Q13 | BZ2: Q14 | CA2: Q15
A3: Subj1 | B3: =ABS('Neutral General'!A3-'Neutral General'!H3) -> 26 | C3: =ABS('Neutral General'!B3-'Neutral General'!I3) -> 11 | D3: =ABS('Neutral General'!C3-'Neutral General'!J3) -> 20 | E3: =ABS('Neutral General'!D3-'Neutral General'!K3) -> 15 | F3: =ABS('Neutral General'!E3-'Neutral General'!L3) -> 1 | G3: =ABS('Neutral General'!F3-'Neutral General'!M3) -> 3 | H3: =ABS('Neutral General'!G3-'Neutral General'!N3) -> 4 | I3: =ABS('Yamin Hadash General'!A3-'Yamin Hadash General'!D3) -> 10 | J3: =ABS('Yamin Hadash General'!B3-'Yamin Hadash General'!E3) -> 36 | K3: =ABS('Yamin Hadash General'!C3-'Yamin Hadash General'!F3) -> 36 | L3: =ABS('Gantz-Lapid General'!A3-'Gantz-Lapid General'!X3) -> 12 | M3: =ABS('Gantz-Lapid General'!B3-'Gantz-Lapid General'!AA3) -> 20 | N3: =ABS('Gantz-Lapid General'!C3-'Gantz-Lapid General'!AB3) -> 20 | O3: =ABS('Gantz-Lapid General'!D3-'Gantz-Lapid General'!AC3) -> 10 | P3: =ABS('Gantz-Lapid General'!E3-'Gantz-Lapid General'!AD3) -> 30 | Q3: =ABS('Gantz-Lapid General'!F3-'Gantz-Lapid General'!AE3) -> 30 | R3: =ABS('Gantz-Lapid General'!G3-'Gantz-Lapid General'!AF3) -> 0 | S3: =ABS('Gantz-Lapid General'!H3-'Gantz-Lapid General'!AG3) -> 0 | T3: =ABS('Gantz-Lapid General'!I3-'Gantz-Lapid General'!AH3) -> 0 | ... AF3: =ABS('Gantz-Lapid General'!U3-'Gantz-Lapid General'!AT3) -> 11 | AG3: =ABS('Gantz-Lapid General'!V3-'Gantz-Lapid General'!Y3) -> 60 | AH3: =ABS('Gantz-Lapid General'!W3-'Gantz-Lapid General'!Z3) -> 6 | AI3: =ABS('Likud General'!A3-'Likud General'!F3) -> 27 | AJ3: =ABS('Likud General'!B3-'Likud General'!G3) -> 15 | AK3: =ABS('Likud General'!C3-'Likud General'!H3) -> 1 | AL3: =ABS('Likud General'!D3-'Likud General'!I3) -> 22 | AM3: =ABS('Likud General'!E3-'Likud General'!J3) -> 0 | AN3: =ABS('Meretz-Avoda General'!A3-'Meretz-Avoda General'!M3) -> 26 | AO3: =ABS('Meretz-Avoda General'!B3-'Meretz-Avoda General'!N3) -> 4 | AP3: =ABS('Meretz-Avoda General'!C3-'Meretz-Avoda General'!O3) -> 10 | AQ3: =ABS('Meretz-Avoda General'!D3-'Meretz-Avoda General'!P3) -> 0 | AR3: =ABS('Meretz-Avoda General'!E3-'Meretz-Avoda General'!Q3) -> 0 | AS3: =ABS('Meretz-Avoda General'!F3-'Meretz-Avoda General'!R3) -> 10 | AT3: =ABS('Meretz-Avoda General'!G3-'Meretz-Avoda General'!S3) -> 0 | AU3: =ABS('Meretz-Avoda General'!H3-'Meretz-Avoda General'!T3) -> 0 | ... AY3: =ABS('Meretz-Avoda General'!L3-'Meretz-Avoda General'!X3) -> 1 | AZ3: =ABS('Bibiindictment General'!A3-'Bibiindictment General'!N3) -> 3 | BA3: =ABS('Bibiindictment General'!B3-'Bibiindictment General'!O3) -> 12 | BB3: =ABS('Bibiindictment General'!C3-'Bibiindictment General'!P3) -> 29 | BC3: =ABS('Bibiindictment General'!D3-'Bibiindictment General'!Q3) -> 10 | BD3: =ABS('Bibiindictment General'!E3-'Bibiindictment General'!R3) -> 10 | BE3: =ABS('Bibiindictment General'!F3-'Bibiindictment General'!S3) -> 19 | BF3: =ABS('Bibiindictment General'!G3-'Bibiindictment General'!T3) -> 19 | BG3: =ABS('Bibiindictment General'!H3-'Bibiindictment General'!U3) -> 0 | ... BL3: =ABS('Bibiindictment General'!M3-'Bibiindictment General'!Z3) -> 5 | BM3: =ABS('Shelirabin General'!A3-'Shelirabin General'!P3) -> 26 | BN3: =ABS('Shelirabin General'!B3-'Shelirabin General'!Q3) -> 50 | BO3: =ABS('Shelirabin General'!C3-'Shelirabin General'!R3) -> 28 | BP3: =ABS('Shelirabin General'!D3-'Shelirabin General'!S3) -> 2 | BQ3: =ABS('Shelirabin General'!E3-'Shelirabin General'!T3) -> 23 | BR3: =ABS('Shelirabin General'!F3-'Shelirabin General'!U3) -> 10 | BS3: =ABS('Shelirabin General'!G3-'Shelirabin General'!V3) -> 10 | BT3: =ABS('Shelirabin General'!H3-'Shelirabin General'!W3) -> 0 | ... CA3: =ABS('Shelirabin General'!O3-'Shelirabin General'!AD3) -> 0
A4: Subj2 | B4: =ABS('Neutral General'!A4-'Neutral General'!H4) -> 17 | C4: =ABS('Neutral General'!B4-'Neutral General'!I4) -> 8 | D4: =ABS('Neutral General'!C4-'Neutral General'!J4) -> 2 | E4: =ABS('Neutral General'!D4-'Neutral General'!K4) -> 0 | F4: =ABS('Neutral General'!E4-'Neutral General'!L4) -> 4 | G4: =ABS('Neutral General'!F4-'Neutral General'!M4) -> 32 | H4: =ABS('Neutral General'!G4-'Neutral General'!N4) -> 2 | I4: =ABS('Yamin Hadash General'!A4-'Yamin Hadash General'!D4) -> 35 | J4: =ABS('Yamin Hadash General'!B4-'Yamin Hadash General'!E4) -> 20 | K4: =ABS('Yamin Hadash General'!C4-'Yamin Hadash General'!F4) -> 5 | L4: =ABS('Gantz-Lapid General'!A4-'Gantz-Lapid General'!X4) -> 16 | M4: =ABS('Gantz-Lapid General'!B4-'Gantz-Lapid General'!AA4) -> 10 | N4: =ABS('Gantz-Lapid General'!C4-'Gantz-Lapid General'!AB4) -> 40 | O4: =ABS('Gantz-Lapid General'!D4-'Gantz-Lapid General'!AC4) -> 20 | P4: =ABS('Gantz-Lapid General'!E4-'Gantz-Lapid General'!AD4) -> 0 | Q4: =ABS('Gantz-Lapid General'!F4-'Gantz-Lapid General'!AE4) -> 0 | R4: =ABS('Gantz-Lapid General'!G4-'Gantz-Lapid General'!AF4) -> 0 | S4: =ABS('Gantz-Lapid General'!H4-'Gantz-Lapid General'!AG4) -> 0 | T4: =ABS('Gantz-Lapid General'!I4-'Gantz-Lapid General'!AH4) -> 0 | ... AF4: =ABS('Gantz-Lapid General'!U4-'Gantz-Lapid General'!AT4) -> 0 | AG4: =ABS('Gantz-Lapid General'!V4-'Gantz-Lapid General'!Y4) -> 55 | AH4: =ABS('Gantz-Lapid General'!W4-'Gantz-Lapid General'!Z4) -> 30 | AI4: =ABS('Likud General'!A4-'Likud General'!F4) -> 4 | AJ4: =ABS('Likud General'!B4-'Likud General'!G4) -> 10 | AK4: =ABS('Likud General'!C4-'Likud General'!H4) -> 85 | AL4: =ABS('Likud General'!D4-'Likud General'!I4) -> 8 | AM4: =ABS('Likud General'!E4-'Likud General'!J4) -> 2 | AN4: =ABS('Meretz-Avoda General'!A4-'Meretz-Avoda General'!M4) -> 3 | AO4: =ABS('Meretz-Avoda General'!B4-'Meretz-Avoda General'!N4) -> 20 | AP4: =ABS('Meretz-Avoda General'!C4-'Meretz-Avoda General'!O4) -> 0 | AQ4: =ABS('Meretz-Avoda General'!D4-'Meretz-Avoda General'!P4) -> 0 | AR4: =ABS('Meretz-Avoda General'!E4-'Meretz-Avoda General'!Q4) -> 10 | AS4: =ABS('Meretz-Avoda General'!F4-'Meretz-Avoda General'!R4) -> 0 | AT4: =ABS('Meretz-Avoda General'!G4-'Meretz-Avoda General'!S4) -> 0 | AU4: =ABS('Meretz-Avoda General'!H4-'Meretz-Avoda General'!T4) -> 0 | ... AY4: =ABS('Meretz-Avoda General'!L4-'Meretz-Avoda General'!X4) -> 0 | AZ4: =ABS('Bibiindictment General'!A4-'Bibiindictment General'!N4) -> 13 | BA4: =ABS('Bibiindictment General'!B4-'Bibiindictment General'!O4) -> 59 | BB4: =ABS('Bibiindictment General'!C4-'Bibiindictment General'!P4) -> 5 | BC4: =ABS('Bibiindictment General'!D4-'Bibiindictment General'!Q4) -> 0 | BD4: =ABS('Bibiindictment General'!E4-'Bibiindictment General'!R4) -> 10 | BE4: =ABS('Bibiindictment General'!F4-'Bibiindictment General'!S4) -> 0 | BF4: =ABS('Bibiindictment General'!G4-'Bibiindictment General'!T4) -> 10 | BG4: =ABS('Bibiindictment General'!H4-'Bibiindictment General'!U4) -> 10 | ... BL4: =ABS('Bibiindictment General'!M4-'Bibiindictment General'!Z4) -> 10 | BM4: =ABS('Shelirabin General'!A4-'Shelirabin General'!P4) -> 24 | BN4: =ABS('Shelirabin General'!B4-'Shelirabin General'!Q4) -> 61 | BO4: =ABS('Shelirabin General'!C4-'Shelirabin General'!R4) -> 2 | BP4: =ABS('Shelirabin General'!D4-'Shelirabin General'!S4) -> 6 | BQ4: =ABS('Shelirabin General'!E4-'Shelirabin General'!T4) -> 5 | BR4: =ABS('Shelirabin General'!F4-'Shelirabin General'!U4) -> 10 | BS4: =ABS('Shelirabin General'!G4-'Shelirabin General'!V4) -> 5 | BT4: =ABS('Shelirabin General'!H4-'Shelirabin General'!W4) -> 0 | ... CA4: =ABS('Shelirabin General'!O4-'Shelirabin General'!AD4) -> 0
A5: Subj3 | B5: =ABS('Neutral General'!A5-'Neutral General'!H5) -> 12 | C5: =ABS('Neutral General'!B5-'Neutral General'!I5) -> 13 | D5: =ABS('Neutral General'!C5-'Neutral General'!J5) -> 40 | E5: =ABS('Neutral General'!D5-'Neutral General'!K5) -> 2 | F5: =ABS('Neutral General'!E5-'Neutral General'!L5) -> 5 | G5: =ABS('Neutral General'!F5-'Neutral General'!M5) -> 9 | H5: =ABS('Neutral General'!G5-'Neutral General'!N5) -> 2 | I5: =ABS('Yamin Hadash General'!A5-'Yamin Hadash General'!D5) -> 28 | J5: =ABS('Yamin Hadash General'!B5-'Yamin Hadash General'!E5) -> 5 | K5: =ABS('Yamin Hadash General'!C5-'Yamin Hadash General'!F5) -> 30 | L5: =ABS('Gantz-Lapid General'!A5-'Gantz-Lapid General'!X5) -> 7 | M5: =ABS('Gantz-Lapid General'!B5-'Gantz-Lapid General'!AA5) -> 1 | N5: =ABS('Gantz-Lapid General'!C5-'Gantz-Lapid General'!AB5) -> 1 | O5: =ABS('Gantz-Lapid General'!D5-'Gantz-Lapid General'!AC5) -> 1 | P5: =ABS('Gantz-Lapid General'!E5-'Gantz-Lapid General'!AD5) -> 49 | Q5: =ABS('Gantz-Lapid General'!F5-'Gantz-Lapid General'!AE5) -> 40 | R5: =ABS('Gantz-Lapid General'!G5-'Gantz-Lapid General'!AF5) -> 64 | S5: =ABS('Gantz-Lapid General'!H5-'Gantz-Lapid General'!AG5) -> 2 | T5: =ABS('Gantz-Lapid General'!I5-'Gantz-Lapid General'!AH5) -> 28 | ... AF5: =ABS('Gantz-Lapid General'!U5-'Gantz-Lapid General'!AT5) -> 47 | AG5: =ABS('Gantz-Lapid General'!V5-'Gantz-Lapid General'!Y5) -> 20 | AH5: =ABS('Gantz-Lapid General'!W5-'Gantz-Lapid General'!Z5) -> 70 | AI5: =ABS('Likud General'!A5-'Likud General'!F5) -> 7 | AJ5: =ABS('Likud General'!B5-'Likud General'!G5) -> 22 | AK5: =ABS('Likud General'!C5-'Likud General'!H5) -> 13 | AL5: =ABS('Likud General'!D5-'Likud General'!I5) -> 34 | AM5: =ABS('Likud General'!E5-'Likud General'!J5) -> 3 | AN5: =ABS('Meretz-Avoda General'!A5-'Meretz-Avoda General'!M5) -> 10 | AO5: =ABS('Meretz-Avoda General'!B5-'Meretz-Avoda General'!N5) -> 0 | AP5: =ABS('Meretz-Avoda General'!C5-'Meretz-Avoda General'!O5) -> 6 | AQ5: =ABS('Meretz-Avoda General'!D5-'Meretz-Avoda General'!P5) -> 8 | AR5: =ABS('Meretz-Avoda General'!E5-'Meretz-Avoda General'!Q5) -> 7 | AS5: =ABS('Meretz-Avoda General'!F5-'Meretz-Avoda General'!R5) -> 0 | AT5: =ABS('Meretz-Avoda General'!G5-'Meretz-Avoda General'!S5) -> 10 | AU5: =ABS('Meretz-Avoda General'!H5-'Meretz-Avoda General'!T5) -> 23 | ... AY5: =ABS('Meretz-Avoda General'!L5-'Meretz-Avoda General'!X5) -> 32 | AZ5: =ABS('Bibiindictment General'!A5-'Bibiindictment General'!N5) -> 10 | BA5: =ABS('Bibiindictment General'!B5-'Bibiindictment General'!O5) -> 2 | BB5: =ABS('Bibiindictment General'!C5-'Bibiindictment General'!P5) -> 16 | BC5: =ABS('Bibiindictment General'!D5-'Bibiindictment General'!Q5) -> 50 | BD5: =ABS('Bibiindictment General'!E5-'Bibiindictment General'!R5) -> 10 | BE5: =ABS('Bibiindictment General'!F5-'Bibiindictment General'!S5) -> 25 | BF5: =ABS('Bibiindictment General'!G5-'Bibiindictment General'!T5) -> 20 | BG5: =ABS('Bibiindictment General'!H5-'Bibiindictment General'!U5) -> 35 | ... BL5: =ABS('Bibiindictment General'!M5-'Bibiindictment General'!Z5) -> 31 | BM5: =ABS('Shelirabin General'!A5-'Shelirabin General'!P5) -> 14 | BN5: =ABS('Shelirabin General'!B5-'Shelirabin General'!Q5) -> 22 | BO5: =ABS('Shelirabin General'!C5-'Shelirabin General'!R5) -> 0 | BP5: =ABS('Shelirabin General'!D5-'Shelirabin General'!S5) -> 8 | BQ5: =ABS('Shelirabin General'!E5-'Shelirabin General'!T5) -> 30 | BR5: =ABS('Shelirabin General'!F5-'Shelirabin General'!U5) -> 10 | BS5: =ABS('Shelirabin General'!G5-'Shelirabin General'!V5) -> 10 | BT5: =ABS('Shelirabin General'!H5-'Shelirabin General'!W5) -> 20 | ... CA5: =ABS('Shelirabin General'!O5-'Shelirabin General'!AD5) -> 4
A6: Subj4 | B6: =ABS('Neutral General'!A6-'Neutral General'!H6) -> 6 | C6: =ABS('Neutral General'!B6-'Neutral General'!I6) -> 7 | D6: =ABS('Neutral General'!C6-'Neutral General'!J6) -> 11 | E6: =ABS('Neutral General'!D6-'Neutral General'!K6) -> 27 | F6: =ABS('Neutral General'!E6-'Neutral General'!L6) -> 12 | G6: =ABS('Neutral General'!F6-'Neutral General'!M6) -> 3 | H6: =ABS('Neutral General'!G6-'Neutral General'!N6) -> 19 | I6: =ABS('Yamin Hadash General'!A6-'Yamin Hadash General'!D6) -> 13 | J6: =ABS('Yamin Hadash General'!B6-'Yamin Hadash General'!E6) -> 41 | K6: =ABS('Yamin Hadash General'!C6-'Yamin Hadash General'!F6) -> 45 | L6: =ABS('Gantz-Lapid General'!A6-'Gantz-Lapid General'!X6) -> 30 | M6: =ABS('Gantz-Lapid General'!B6-'Gantz-Lapid General'!AA6) -> 49 | N6: =ABS('Gantz-Lapid General'!C6-'Gantz-Lapid General'!AB6) -> 33 | O6: =ABS('Gantz-Lapid General'!D6-'Gantz-Lapid General'!AC6) -> 2 | P6: =ABS('Gantz-Lapid General'!E6-'Gantz-Lapid General'!AD6) -> 12 | Q6: =ABS('Gantz-Lapid General'!F6-'Gantz-Lapid General'!AE6) -> 4 | R6: =ABS('Gantz-Lapid General'!G6-'Gantz-Lapid General'!AF6) -> 1 | S6: =ABS('Gantz-Lapid General'!H6-'Gantz-Lapid General'!AG6) -> 27 | T6: =ABS('Gantz-Lapid General'!I6-'Gantz-Lapid General'!AH6) -> 6 | ... AF6: =ABS('Gantz-Lapid General'!U6-'Gantz-Lapid General'!AT6) -> 6 | AG6: =ABS('Gantz-Lapid General'!V6-'Gantz-Lapid General'!Y6) -> 50 | AH6: =ABS('Gantz-Lapid General'!W6-'Gantz-Lapid General'!Z6) -> 11 | AI6: =ABS('Likud General'!A6-'Likud General'!F6) -> 30 | AJ6: =ABS('Likud General'!B6-'Likud General'!G6) -> 2 | AK6: =ABS('Likud General'!C6-'Likud General'!H6) -> 0 | AL6: =ABS('Likud General'!D6-'Likud General'!I6) -> 18 | AM6: =ABS('Likud General'!E6-'Likud General'!J6) -> 29 | AN6: =ABS('Meretz-Avoda General'!A6-'Meretz-Avoda General'!M6) -> 20 | AO6: =ABS('Meretz-Avoda General'!B6-'Meretz-Avoda General'!N6) -> 31 | AP6: =ABS('Meretz-Avoda General'!C6-'Meretz-Avoda General'!O6) -> 23 | AQ6: =ABS('Meretz-Avoda General'!D6-'Meretz-Avoda General'!P6) -> 30 | AR6: =ABS('Meretz-Avoda General'!E6-'Meretz-Avoda General'!Q6) -> 28 | AS6: =ABS('Meretz-Avoda General'!F6-'Meretz-Avoda General'!R6) -> 14 | AT6: =ABS('Meretz-Avoda General'!G6-'Meretz-Avoda General'!S6) -> 1 | AU6: =ABS('Meretz-Avoda General'!H6-'Meretz-Avoda General'!T6) -> 4 | ... AY6: =ABS('Meretz-Avoda General'!L6-'Meretz-Avoda General'!X6) -> 1 | AZ6: =ABS('Bibiindictment General'!A6-'Bibiindictment General'!N6) -> 6 | BA6: =ABS('Bibiindictment General'!B6-'Bibiindictment General'!O6) -> 4 | BB6: =ABS('Bibiindictment General'!C6-'Bibiindictment General'!P6) -> 58 | BC6: =ABS('Bibiindictment General'!D6-'Bibiindictment General'!Q6) -> 31 | BD6: =ABS('Bibiindictment General'!E6-'Bibiindictment General'!R6) -> 30 | BE6: =ABS('Bibiindictment General'!F6-'Bibiindictment General'!S6) -> 38 | BF6: =ABS('Bibiindictment General'!G6-'Bibiindictment General'!T6) -> 9 | BG6: =ABS('Bibiindictment General'!H6-'Bibiindictment General'!U6) -> 18 | ... BL6: =ABS('Bibiindictment General'!M6-'Bibiindictment General'!Z6) -> 5 | BM6: =ABS('Shelirabin General'!A6-'Shelirabin General'!P6) -> 44 | BN6: =ABS('Shelirabin General'!B6-'Shelirabin General'!Q6) -> 13 | BO6: =ABS('Shelirabin General'!C6-'Shelirabin General'!R6) -> 13 | BP6: =ABS('Shelirabin General'!D6-'Shelirabin General'!S6) -> 8 | BQ6: =ABS('Shelirabin General'!E6-'Shelirabin General'!T6) -> 11 | BR6: =ABS('Shelirabin General'!F6-'Shelirabin General'!U6) -> 0 | BS6: =ABS('Shelirabin General'!G6-'Shelirabin General'!V6) -> 9 | BT6: =ABS('Shelirabin General'!H6-'Shelirabin General'!W6) -> 3 | ... CA6: =ABS('Shelirabin General'!O6-'Shelirabin General'!AD6) -> 0
A7: Subj5 | B7: =ABS('Neutral General'!A7-'Neutral General'!H7) -> 19 | C7: =ABS('Neutral General'!B7-'Neutral General'!I7) -> 13 | D7: =ABS('Neutral General'!C7-'Neutral General'!J7) -> 2 | E7: =ABS('Neutral General'!D7-'Neutral General'!K7) -> 9 | F7: =ABS('Neutral General'!E7-'Neutral General'!L7) -> 2 | G7: =ABS('Neutral General'!F7-'Neutral General'!M7) -> 9 | H7: =ABS('Neutral General'!G7-'Neutral General'!N7) -> 29 | I7: =ABS('Yamin Hadash General'!A7-'Yamin Hadash General'!D7) -> 12 | J7: =ABS('Yamin Hadash General'!B7-'Yamin Hadash General'!E7) -> 77 | K7: =ABS('Yamin Hadash General'!C7-'Yamin Hadash General'!F7) -> 7 | L7: =ABS('Gantz-Lapid General'!A7-'Gantz-Lapid General'!X7) -> 31 | M7: =ABS('Gantz-Lapid General'!B7-'Gantz-Lapid General'!AA7) -> 19 | N7: =ABS('Gantz-Lapid General'!C7-'Gantz-Lapid General'!AB7) -> 92 | O7: =ABS('Gantz-Lapid General'!D7-'Gantz-Lapid General'!AC7) -> 34 | P7: =ABS('Gantz-Lapid General'!E7-'Gantz-Lapid General'!AD7) -> 0 | Q7: =ABS('Gantz-Lapid General'!F7-'Gantz-Lapid General'!AE7) -> 0 | R7: =ABS('Gantz-Lapid General'!G7-'Gantz-Lapid General'!AF7) -> 0 | S7: =ABS('Gantz-Lapid General'!H7-'Gantz-Lapid General'!AG7) -> 0 | T7: =ABS('Gantz-Lapid General'!I7-'Gantz-Lapid General'!AH7) -> 0 | ... AF7: =ABS('Gantz-Lapid General'!U7-'Gantz-Lapid General'!AT7) -> 0 | AG7: =ABS('Gantz-Lapid General'!V7-'Gantz-Lapid General'!Y7) -> 77 | AH7: =ABS('Gantz-Lapid General'!W7-'Gantz-Lapid General'!Z7) -> 15 | AI7: =ABS('Likud General'!A7-'Likud General'!F7) -> 6 | AJ7: =ABS('Likud General'!B7-'Likud General'!G7) -> 14 | AK7: =ABS('Likud General'!C7-'Likud General'!H7) -> 15 | AL7: =ABS('Likud General'!D7-'Likud General'!I7) -> 1 | AM7: =ABS('Likud General'!E7-'Likud General'!J7) -> 0 | AN7: =ABS('Meretz-Avoda General'!A7-'Meretz-Avoda General'!M7) -> 11 | AO7: =ABS('Meretz-Avoda General'!B7-'Meretz-Avoda General'!N7) -> 0 | AP7: =ABS('Meretz-Avoda General'!C7-'Meretz-Avoda General'!O7) -> 73 | AQ7: =ABS('Meretz-Avoda General'!D7-'Meretz-Avoda General'!P7) -> 72 | AR7: =ABS('Meretz-Avoda General'!E7-'Meretz-Avoda General'!Q7) -> 87 | AS7: =ABS('Meretz-Avoda General'!F7-'Meretz-Avoda General'!R7) -> 0 | AT7: =ABS('Meretz-Avoda General'!G7-'Meretz-Avoda General'!S7) -> 0 | AU7: =ABS('Meretz-Avoda General'!H7-'Meretz-Avoda General'!T7) -> 0 | ... AY7: =ABS('Meretz-Avoda General'!L7-'Meretz-Avoda General'!X7) -> 0 | AZ7: =ABS('Bibiindictment General'!A7-'Bibiindictment General'!N7) -> 19 | BA7: =ABS('Bibiindictment General'!B7-'Bibiindictment General'!O7) -> 40 | BB7: =ABS('Bibiindictment General'!C7-'Bibiindictment General'!P7) -> 1 | BC7: =ABS('Bibiindictment General'!D7-'Bibiindictment General'!Q7) -> 0 | BD7: =ABS('Bibiindictment General'!E7-'Bibiindictment General'!R7) -> 0 | BE7: =ABS('Bibiindictment General'!F7-'Bibiindictment General'!S7) -> 0 | BF7: =ABS('Bibiindictment General'!G7-'Bibiindictment General'!T7) -> 54 | BG7: =ABS('Bibiindictment General'!H7-'Bibiindictment General'!U7) -> 53 | ... BL7: =ABS('Bibiindictment General'!M7-'Bibiindictment General'!Z7) -> 42 | BM7: =ABS('Shelirabin General'!A7-'Shelirabin General'!P7) -> 7 | BN7: =ABS('Shelirabin General'!B7-'Shelirabin General'!Q7) -> 6 | BO7: =ABS('Shelirabin General'!C7-'Shelirabin General'!R7) -> 52 | BP7: =ABS('Shelirabin General'!D7-'Shelirabin General'!S7) -> 8 | BQ7: =ABS('Shelirabin General'!E7-'Shelirabin General'!T7) -> 22 | BR7: =ABS('Shelirabin General'!F7-'Shelirabin General'!U7) -> 49 | BS7: =ABS('Shelirabin General'!G7-'Shelirabin General'!V7) -> 21 | BT7: =ABS('Shelirabin General'!H7-'Shelirabin General'!W7) -> 2 | ... CA7: =ABS('Shelirabin General'!O7-'Shelirabin General'!AD7) -> 0
A8: Subj6 | B8: =ABS('Neutral General'!A8-'Neutral General'!H8) -> 2 | C8: =ABS('Neutral General'!B8-'Neutral General'!I8) -> 35 | D8: =ABS('Neutral General'!C8-'Neutral General'!J8) -> 9 | E8: =ABS('Neutral General'!D8-'Neutral General'!K8) -> 24 | F8: =ABS('Neutral General'!E8-'Neutral General'!L8) -> 12 | G8: =ABS('Neutral General'!F8-'Neutral General'!M8) -> 27 | H8: =ABS('Neutral General'!G8-'Neutral General'!N8) -> 4 | I8: =ABS('Yamin Hadash General'!A8-'Yamin Hadash General'!D8) -> 93 | J8: =ABS('Yamin Hadash General'!B8-'Yamin Hadash General'!E8) -> 49 | K8: =ABS('Yamin Hadash General'!C8-'Yamin Hadash General'!F8) -> 79 | L8: =ABS('Gantz-Lapid General'!A8-'Gantz-Lapid General'!X8) -> 33 | M8: =ABS('Gantz-Lapid General'!B8-'Gantz-Lapid General'!AA8) -> 10 | N8: =ABS('Gantz-Lapid General'!C8-'Gantz-Lapid General'!AB8) -> 38 | O8: =ABS('Gantz-Lapid General'!D8-'Gantz-Lapid General'!AC8) -> 29 | P8: =ABS('Gantz-Lapid General'!E8-'Gantz-Lapid General'!AD8) -> 12 | Q8: =ABS('Gantz-Lapid General'!F8-'Gantz-Lapid General'!AE8) -> 0 | R8: =ABS('Gantz-Lapid General'!G8-'Gantz-Lapid General'!AF8) -> 0 | S8: =ABS('Gantz-Lapid General'!H8-'Gantz-Lapid General'!AG8) -> 0 | T8: =ABS('Gantz-Lapid General'!I8-'Gantz-Lapid General'!AH8) -> 0 | ... AF8: =ABS('Gantz-Lapid General'!U8-'Gantz-Lapid General'!AT8) -> 0 | AG8: =ABS('Gantz-Lapid General'!V8-'Gantz-Lapid General'!Y8) -> 31 | AH8: =ABS('Gantz-Lapid General'!W8-'Gantz-Lapid General'!Z8) -> 9 | AI8: =ABS('Likud General'!A8-'Likud General'!F8) -> 16 | AJ8: =ABS('Likud General'!B8-'Likud General'!G8) -> 14 | AK8: =ABS('Likud General'!C8-'Likud General'!H8) -> 57 | AL8: =ABS('Likud General'!D8-'Likud General'!I8) -> 8 | AM8: =ABS('Likud General'!E8-'Likud General'!J8) -> 25 | AN8: =ABS('Meretz-Avoda General'!A8-'Meretz-Avoda General'!M8) -> 1 | AO8: =ABS('Meretz-Avoda General'!B8-'Meretz-Avoda General'!N8) -> 1 | AP8: =ABS('Meretz-Avoda General'!C8-'Meretz-Avoda General'!O8) -> 27 | AQ8: =ABS('Meretz-Avoda General'!D8-'Meretz-Avoda General'!P8) -> 72 | AR8: =ABS('Meretz-Avoda General'!E8-'Meretz-Avoda General'!Q8) -> 20 | AS8: =ABS('Meretz-Avoda General'!F8-'Meretz-Avoda General'!R8) -> 5 | AT8: =ABS('Meretz-Avoda General'!G8-'Meretz-Avoda General'!S8) -> 0 | AU8: =ABS('Meretz-Avoda General'!H8-'Meretz-Avoda General'!T8) -> 0 | ... AY8: =ABS('Meretz-Avoda General'!L8-'Meretz-Avoda General'!X8) -> 0 | AZ8: =ABS('Bibiindictment General'!A8-'Bibiindictment General'!N8) -> 40 | BA8: =ABS('Bibiindictment General'!B8-'Bibiindictment General'!O8) -> 0 | BB8: =ABS('Bibiindictment General'!C8-'Bibiindictment General'!P8) -> 0 | BC8: =ABS('Bibiindictment General'!D8-'Bibiindictment General'!Q8) -> 31 | BD8: =ABS('Bibiindictment General'!E8-'Bibiindictment General'!R8) -> 0 | BE8: =ABS('Bibiindictment General'!F8-'Bibiindictment General'!S8) -> 0 | BF8: =ABS('Bibiindictment General'!G8-'Bibiindictment General'!T8) -> 10 | BG8: =ABS('Bibiindictment General'!H8-'Bibiindictment General'!U8) -> 2 | ... BL8: =ABS('Bibiindictment General'!M8-'Bibiindictment General'!Z8) -> 41 | BM8: =ABS('Shelirabin General'!A8-'Shelirabin General'!P8) -> 23 | BN8: =ABS('Shelirabin General'!B8-'Shelirabin General'!Q8) -> 4 | BO8: =ABS('Shelirabin General'!C8-'Shelirabin General'!R8) -> 32 | BP8: =ABS('Shelirabin General'!D8-'Shelirabin General'!S8) -> 66 | BQ8: =ABS('Shelirabin General'!E8-'Shelirabin General'!T8) -> 3 | BR8: =ABS('Shelirabin General'!F8-'Shelirabin General'!U8) -> 47 | BS8: =ABS('Shelirabin General'!G8-'Shelirabin General'!V8) -> 68 | BT8: =ABS('Shelirabin General'!H8-'Shelirabin General'!W8) -> 19 | ... CA8: =ABS('Shelirabin General'!O8-'Shelirabin General'!AD8) -> 0
A9: Subj7 | B9: =ABS('Neutral General'!A9-'Neutral General'!H9) -> 17 | C9: =ABS('Neutral General'!B9-'Neutral General'!I9) -> 23 | D9: =ABS('Neutral General'!C9-'Neutral General'!J9) -> 3 | E9: =ABS('Neutral General'!D9-'Neutral General'!K9) -> 1 | F9: =ABS('Neutral General'!E9-'Neutral General'!L9) -> 36 | G9: =ABS('Neutral General'!F9-'Neutral General'!M9) -> 13 | H9: =ABS('Neutral General'!G9-'Neutral General'!N9) -> 20 | I9: =ABS('Yamin Hadash General'!A9-'Yamin Hadash General'!D9) -> 18 | J9: =ABS('Yamin Hadash General'!B9-'Yamin Hadash General'!E9) -> 32 | K9: =ABS('Yamin Hadash General'!C9-'Yamin Hadash General'!F9) -> 12 | L9: =ABS('Gantz-Lapid General'!A9-'Gantz-Lapid General'!X9) -> 47 | M9: =ABS('Gantz-Lapid General'!B9-'Gantz-Lapid General'!AA9) -> 1 | N9: =ABS('Gantz-Lapid General'!C9-'Gantz-Lapid General'!AB9) -> 7 | O9: =ABS('Gantz-Lapid General'!D9-'Gantz-Lapid General'!AC9) -> 1 | P9: =ABS('Gantz-Lapid General'!E9-'Gantz-Lapid General'!AD9) -> 2 | Q9: =ABS('Gantz-Lapid General'!F9-'Gantz-Lapid General'!AE9) -> 0 | R9: =ABS('Gantz-Lapid General'!G9-'Gantz-Lapid General'!AF9) -> 0 | S9: =ABS('Gantz-Lapid General'!H9-'Gantz-Lapid General'!AG9) -> 8 | T9: =ABS('Gantz-Lapid General'!I9-'Gantz-Lapid General'!AH9) -> 58 | ... AF9: =ABS('Gantz-Lapid General'!U9-'Gantz-Lapid General'!AT9) -> 3 | AG9: =ABS('Gantz-Lapid General'!V9-'Gantz-Lapid General'!Y9) -> 11 | AH9: =ABS('Gantz-Lapid General'!W9-'Gantz-Lapid General'!Z9) -> 11 | AI9: =ABS('Likud General'!A9-'Likud General'!F9) -> 24 | AJ9: =ABS('Likud General'!B9-'Likud General'!G9) -> 42 | AK9: =ABS('Likud General'!C9-'Likud General'!H9) -> 18 | AL9: =ABS('Likud General'!D9-'Likud General'!I9) -> 6 | AM9: =ABS('Likud General'!E9-'Likud General'!J9) -> 22 | AN9: =ABS('Meretz-Avoda General'!A9-'Meretz-Avoda General'!M9) -> 38 | AO9: =ABS('Meretz-Avoda General'!B9-'Meretz-Avoda General'!N9) -> 4 | AP9: =ABS('Meretz-Avoda General'!C9-'Meretz-Avoda General'!O9) -> 12 | AQ9: =ABS('Meretz-Avoda General'!D9-'Meretz-Avoda General'!P9) -> 35 | AR9: =ABS('Meretz-Avoda General'!E9-'Meretz-Avoda General'!Q9) -> 56 | AS9: =ABS('Meretz-Avoda General'!F9-'Meretz-Avoda General'!R9) -> 5 | AT9: =ABS('Meretz-Avoda General'!G9-'Meretz-Avoda General'!S9) -> 1 | AU9: =ABS('Meretz-Avoda General'!H9-'Meretz-Avoda General'!T9) -> 3 | ... AY9: =ABS('Meretz-Avoda General'!L9-'Meretz-Avoda General'!X9) -> 5 | AZ9: =ABS('Bibiindictment General'!A9-'Bibiindictment General'!N9) -> 61 | BA9: =ABS('Bibiindictment General'!B9-'Bibiindictment General'!O9) -> 7 | BB9: =ABS('Bibiindictment General'!C9-'Bibiindictment General'!P9) -> 6 | BC9: =ABS('Bibiindictment General'!D9-'Bibiindictment General'!Q9) -> 22 | BD9: =ABS('Bibiindictment General'!E9-'Bibiindictment General'!R9) -> 8 | BE9: =ABS('Bibiindictment General'!F9-'Bibiindictment General'!S9) -> 1 | BF9: =ABS('Bibiindictment General'!G9-'Bibiindictment General'!T9) -> 22 | BG9: =ABS('Bibiindictment General'!H9-'Bibiindictment General'!U9) -> 39 | ... BL9: =ABS('Bibiindictment General'!M9-'Bibiindictment General'!Z9) -> 16 | BM9: =ABS('Shelirabin General'!A9-'Shelirabin General'!P9) -> 15 | BN9: =ABS('Shelirabin General'!B9-'Shelirabin General'!Q9) -> 7 | BO9: =ABS('Shelirabin General'!C9-'Shelirabin General'!R9) -> 17 | BP9: =ABS('Shelirabin General'!D9-'Shelirabin General'!S9) -> 14 | BQ9: =ABS('Shelirabin General'!E9-'Shelirabin General'!T9) -> 12 | BR9: =ABS('Shelirabin General'!F9-'Shelirabin General'!U9) -> 66 | BS9: =ABS('Shelirabin General'!G9-'Shelirabin General'!V9) -> 68 | BT9: =ABS('Shelirabin General'!H9-'Shelirabin General'!W9) -> 63 | ... CA9: =ABS('Shelirabin General'!O9-'Shelirabin General'!AD9) -> 0
A10: Subj8 | B10: =ABS('Neutral General'!A10-'Neutral General'!H10) -> 0 | C10: =ABS('Neutral General'!B10-'Neutral General'!I10) -> 3 | D10: =ABS('Neutral General'!C10-'Neutral General'!J10) -> 0 | E10: =ABS('Neutral General'!D10-'Neutral General'!K10) -> 39 | F10: =ABS('Neutral General'!E10-'Neutral General'!L10) -> 0 | G10: =ABS('Neutral General'!F10-'Neutral General'!M10) -> 20 | H10: =ABS('Neutral General'!G10-'Neutral General'!N10) -> 7 | I10: =ABS('Yamin Hadash General'!A10-'Yamin Hadash General'!D10) -> 19 | J10: =ABS('Yamin Hadash General'!B10-'Yamin Hadash General'!E10) -> 100 | K10: =ABS('Yamin Hadash General'!C10-'Yamin Hadash General'!F10) -> 54 | L10: =ABS('Gantz-Lapid General'!A10-'Gantz-Lapid General'!X10) -> 76 | M10: =ABS('Gantz-Lapid General'!B10-'Gantz-Lapid General'!AA10) -> 0 | N10: =ABS('Gantz-Lapid General'!C10-'Gantz-Lapid General'!AB10) -> 100 | O10: =ABS('Gantz-Lapid General'!D10-'Gantz-Lapid General'!AC10) -> 56 | P10: =ABS('Gantz-Lapid General'!E10-'Gantz-Lapid General'!AD10) -> 100 | Q10: =ABS('Gantz-Lapid General'!F10-'Gantz-Lapid General'!AE10) -> 100 | R10: =ABS('Gantz-Lapid General'!G10-'Gantz-Lapid General'!AF10) -> 100 | S10: =ABS('Gantz-Lapid General'!H10-'Gantz-Lapid General'!AG10) -> 51 | T10: =ABS('Gantz-Lapid General'!I10-'Gantz-Lapid General'!AH10) -> 100 | ... AF10: =ABS('Gantz-Lapid General'!U10-'Gantz-Lapid General'!AT10) -> 0 | AG10: =ABS('Gantz-Lapid General'!V10-'Gantz-Lapid General'!Y10) -> 30 | AH10: =ABS('Gantz-Lapid General'!W10-'Gantz-Lapid General'!Z10) -> 53 | AI10: =ABS('Likud General'!A10-'Likud General'!F10) -> 0 | AJ10: =ABS('Likud General'!B10-'Likud General'!G10) -> 0 | AK10: =ABS('Likud General'!C10-'Likud General'!H10) -> 0 | AL10: =ABS('Likud General'!D10-'Likud General'!I10) -> 23 | AM10: =ABS('Likud General'!E10-'Likud General'!J10) -> 0 | AN10: =ABS('Meretz-Avoda General'!A10-'Meretz-Avoda General'!M10) -> 25 | AO10: =ABS('Meretz-Avoda General'!B10-'Meretz-Avoda General'!N10) -> 18 | AP10: =ABS('Meretz-Avoda General'!C10-'Meretz-Avoda General'!O10) -> 0 | AQ10: =ABS('Meretz-Avoda General'!D10-'Meretz-Avoda General'!P10) -> 0 | AR10: =ABS('Meretz-Avoda General'!E10-'Meretz-Avoda General'!Q10) -> 0 | AS10: =ABS('Meretz-Avoda General'!F10-'Meretz-Avoda General'!R10) -> 0 | AT10: =ABS('Meretz-Avoda General'!G10-'Meretz-Avoda General'!S10) -> 0 | AU10: =ABS('Meretz-Avoda General'!H10-'Meretz-Avoda General'!T10) -> 0 | ... AY10: =ABS('Meretz-Avoda General'!L10-'Meretz-Avoda General'!X10) -> 0 | AZ10: =ABS('Bibiindictment General'!A10-'Bibiindictment General'!N10) -> 49 | BA10: =ABS('Bibiindictment General'!B10-'Bibiindictment General'!O10) -> 28 | BB10: =ABS('Bibiindictment General'!C10-'Bibiindictment General'!P10) -> 0 | BC10: =ABS('Bibiindictment General'!D10-'Bibiindictment General'!Q10) -> 0 | BD10: =ABS('Bibiindictment General'!E10-'Bibiindictment General'!R10) -> 0 | BE10: =ABS('Bibiindictment General'!F10-'Bibiindictment General'!S10) -> 0 | BF10: =ABS('Bibiindictment General'!G10-'Bibiindictment General'!T10) -> 43 | BG10: =ABS('Bibiindictment General'!H10-'Bibiindictment General'!U10) -> 0 | ... BL10: =ABS('Bibiindictment General'!M10-'Bibiindictment General'!Z10) -> 0 | BM10: =ABS('Shelirabin General'!A10-'Shelirabin General'!P10) -> 1 | BN10: =ABS('Shelirabin General'!B10-'Shelirabin General'!Q10) -> 23 | BO10: =ABS('Shelirabin General'!C10-'Shelirabin General'!R10) -> 0 | BP10: =ABS('Shelirabin General'!D10-'Shelirabin General'!S10) -> 14 | BQ10: =ABS('Shelirabin General'!E10-'Shelirabin General'!T10) -> 48 | BR10: =ABS('Shelirabin General'!F10-'Shelirabin General'!U10) -> 0 | BS10: =ABS('Shelirabin General'!G10-'Shelirabin General'!V10) -> 0 | BT10: =ABS('Shelirabin General'!H10-'Shelirabin General'!W10) -> 0 | ... CA10: =ABS('Shelirabin General'!O10-'Shelirabin General'!AD10) -> 0
A11: Subj9 | B11: =ABS('Neutral General'!A11-'Neutral General'!H11) -> 23 | C11: =ABS('Neutral General'!B11-'Neutral General'!I11) -> 29 | D11: =ABS('Neutral General'!C11-'Neutral General'!J11) -> 10 | E11: =ABS('Neutral General'!D11-'Neutral General'!K11) -> 18 | F11: =ABS('Neutral General'!E11-'Neutral General'!L11) -> 31 | G11: =ABS('Neutral General'!F11-'Neutral General'!M11) -> 2 | H11: =ABS('Neutral General'!G11-'Neutral General'!N11) -> 41 | I11: =ABS('Yamin Hadash General'!A11-'Yamin Hadash General'!D11) -> 42 | J11: =ABS('Yamin Hadash General'!B11-'Yamin Hadash General'!E11) -> 20 | K11: =ABS('Yamin Hadash General'!C11-'Yamin Hadash General'!F11) -> 32 | L11: =ABS('Gantz-Lapid General'!A11-'Gantz-Lapid General'!X11) -> 32 | M11: =ABS('Gantz-Lapid General'!B11-'Gantz-Lapid General'!AA11) -> 2 | N11: =ABS('Gantz-Lapid General'!C11-'Gantz-Lapid General'!AB11) -> 43 | O11: =ABS('Gantz-Lapid General'!D11-'Gantz-Lapid General'!AC11) -> 1 | P11: =ABS('Gantz-Lapid General'!E11-'Gantz-Lapid General'!AD11) -> 59 | Q11: =ABS('Gantz-Lapid General'!F11-'Gantz-Lapid General'!AE11) -> 33 | R11: =ABS('Gantz-Lapid General'!G11-'Gantz-Lapid General'!AF11) -> 0 | S11: =ABS('Gantz-Lapid General'!H11-'Gantz-Lapid General'!AG11) -> 0 | T11: =ABS('Gantz-Lapid General'!I11-'Gantz-Lapid General'!AH11) -> 17 | ... AF11: =ABS('Gantz-Lapid General'!U11-'Gantz-Lapid General'!AT11) -> 29 | AG11: =ABS('Gantz-Lapid General'!V11-'Gantz-Lapid General'!Y11) -> 1 | AH11: =ABS('Gantz-Lapid General'!W11-'Gantz-Lapid General'!Z11) -> 52 | AI11: =ABS('Likud General'!A11-'Likud General'!F11) -> 2 | AJ11: =ABS('Likud General'!B11-'Likud General'!G11) -> 18 | AK11: =ABS('Likud General'!C11-'Likud General'!H11) -> 0 | AL11: =ABS('Likud General'!D11-'Likud General'!I11) -> 3 | AM11: =ABS('Likud General'!E11-'Likud General'!J11) -> 12 | AN11: =ABS('Meretz-Avoda General'!A11-'Meretz-Avoda General'!M11) -> 15 | AO11: =ABS('Meretz-Avoda General'!B11-'Meretz-Avoda General'!N11) -> 16 | AP11: =ABS('Meretz-Avoda General'!C11-'Meretz-Avoda General'!O11) -> 3 | AQ11: =ABS('Meretz-Avoda General'!D11-'Meretz-Avoda General'!P11) -> 37 | AR11: =ABS('Meretz-Avoda General'!E11-'Meretz-Avoda General'!Q11) -> 12 | AS11: =ABS('Meretz-Avoda General'!F11-'Meretz-Avoda General'!R11) -> 22 | AT11: =ABS('Meretz-Avoda General'!G11-'Meretz-Avoda General'!S11) -> 1 | AU11: =ABS('Meretz-Avoda General'!H11-'Meretz-Avoda General'!T11) -> 0 | ... AY11: =ABS('Meretz-Avoda General'!L11-'Meretz-Avoda General'!X11) -> 25 | AZ11: =ABS('Bibiindictment General'!A11-'Bibiindictment General'!N11) -> 24 | BA11: =ABS('Bibiindictment General'!B11-'Bibiindictment General'!O11) -> 66 | BB11: =ABS('Bibiindictment General'!C11-'Bibiindictment General'!P11) -> 19 | BC11: =ABS('Bibiindictment General'!D11-'Bibiindictment General'!Q11) -> 21 | BD11: =ABS('Bibiindictment General'!E11-'Bibiindictment General'!R11) -> 8 | BE11: =ABS('Bibiindictment General'!F11-'Bibiindictment General'!S11) -> 3 | BF11: =ABS('Bibiindictment General'!G11-'Bibiindictment General'!T11) -> 32 | BG11: =ABS('Bibiindictment General'!H11-'Bibiindictment General'!U11) -> 13 | ... BL11: =ABS('Bibiindictment General'!M11-'Bibiindictment General'!Z11) -> 19 | BM11: =ABS('Shelirabin General'!A11-'Shelirabin General'!P11) -> 3 | BN11: =ABS('Shelirabin General'!B11-'Shelirabin General'!Q11) -> 25 | BO11: =ABS('Shelirabin General'!C11-'Shelirabin General'!R11) -> 6 | BP11: =ABS('Shelirabin General'!D11-'Shelirabin General'!S11) -> 43 | BQ11: =ABS('Shelirabin General'!E11-'Shelirabin General'!T11) -> 3 | BR11: =ABS('Shelirabin General'!F11-'Shelirabin General'!U11) -> 5 | BS11: =ABS('Shelirabin General'!G11-'Shelirabin General'!V11) -> 39 | BT11: =ABS('Shelirabin General'!H11-'Shelirabin General'!W11) -> 33 | ... CA11: =ABS('Shelirabin General'!O11-'Shelirabin General'!AD11) -> 0
A12: Subj10 | B12: =ABS('Neutral General'!A12-'Neutral General'!H12) -> 0 | C12: =ABS('Neutral General'!B12-'Neutral General'!I12) -> 0 | D12: =ABS('Neutral General'!C12-'Neutral General'!J12) -> 3 | E12: =ABS('Neutral General'!D12-'Neutral General'!K12) -> 0 | F12: =ABS('Neutral General'!E12-'Neutral General'!L12) -> 2 | G12: =ABS('Neutral General'!F12-'Neutral General'!M12) -> 57 | H12: =ABS('Neutral General'!G12-'Neutral General'!N12) -> 4 | I12: =ABS('Yamin Hadash General'!A12-'Yamin Hadash General'!D12) -> 45 | J12: =ABS('Yamin Hadash General'!B12-'Yamin Hadash General'!E12) -> 0 | K12: =ABS('Yamin Hadash General'!C12-'Yamin Hadash General'!F12) -> 50 | L12: =ABS('Gantz-Lapid General'!A12-'Gantz-Lapid General'!X12) -> 79 | M12: =ABS('Gantz-Lapid General'!B12-'Gantz-Lapid General'!AA12) -> 80 | N12: =ABS('Gantz-Lapid General'!C12-'Gantz-Lapid General'!AB12) -> 45 | O12: =ABS('Gantz-Lapid General'!D12-'Gantz-Lapid General'!AC12) -> 70 | P12: =ABS('Gantz-Lapid General'!E12-'Gantz-Lapid General'!AD12) -> 30 | Q12: =ABS('Gantz-Lapid General'!F12-'Gantz-Lapid General'!AE12) -> 90 | R12: =ABS('Gantz-Lapid General'!G12-'Gantz-Lapid General'!AF12) -> 51 | S12: =ABS('Gantz-Lapid General'!H12-'Gantz-Lapid General'!AG12) -> 40 | T12: =ABS('Gantz-Lapid General'!I12-'Gantz-Lapid General'!AH12) -> 40 | ... AF12: =ABS('Gantz-Lapid General'!U12-'Gantz-Lapid General'!AT12) -> 0 | AG12: =ABS('Gantz-Lapid General'!V12-'Gantz-Lapid General'!Y12) -> 95 | AH12: =ABS('Gantz-Lapid General'!W12-'Gantz-Lapid General'!Z12) -> 20 | AI12: =ABS('Likud General'!A12-'Likud General'!F12) -> 0 | AJ12: =ABS('Likud General'!B12-'Likud General'!G12) -> 0 | AK12: =ABS('Likud General'!C12-'Likud General'!H12) -> #VALUE! | AL12: =ABS('Likud General'!D12-'Likud General'!I12) -> 0 | AM12: =ABS('Likud General'!E12-'Likud General'!J12) -> 6 | AN12: =ABS('Meretz-Avoda General'!A12-'Meretz-Avoda General'!M12) -> 38 | AO12: =ABS('Meretz-Avoda General'!B12-'Meretz-Avoda General'!N12) -> 10 | AP12: =ABS('Meretz-Avoda General'!C12-'Meretz-Avoda General'!O12) -> 40 | AQ12: =ABS('Meretz-Avoda General'!D12-'Meretz-Avoda General'!P12) -> 10 | AR12: =ABS('Meretz-Avoda General'!E12-'Meretz-Avoda General'!Q12) -> 10 | AS12: =ABS('Meretz-Avoda General'!F12-'Meretz-Avoda General'!R12) -> 35 | AT12: =ABS('Meretz-Avoda General'!G12-'Meretz-Avoda General'!S12) -> 9 | AU12: =ABS('Meretz-Avoda General'!H12-'Meretz-Avoda General'!T12) -> 10 | ... AY12: =ABS('Meretz-Avoda General'!L12-'Meretz-Avoda General'!X12) -> 0 | AZ12: =ABS('Bibiindictment General'!A12-'Bibiindictment General'!N12) -> 0 | BA12: =ABS('Bibiindictment General'!B12-'Bibiindictment General'!O12) -> 0 | BB12: =ABS('Bibiindictment General'!C12-'Bibiindictment General'!P12) -> 0 | BC12: =ABS('Bibiindictment General'!D12-'Bibiindictment General'!Q12) -> 0 | BD12: =ABS('Bibiindictment General'!E12-'Bibiindictment General'!R12) -> 0 | BE12: =ABS('Bibiindictment General'!F12-'Bibiindictment General'!S12) -> 0 | BF12: =ABS('Bibiindictment General'!G12-'Bibiindictment General'!T12) -> 0 | BG12: =ABS('Bibiindictment General'!H12-'Bibiindictment General'!U12) -> 0 | ... BL12: =ABS('Bibiindictment General'!M12-'Bibiindictment General'!Z12) -> 0 | BM12: =ABS('Shelirabin General'!A12-'Shelirabin General'!P12) -> 11 | BN12: =ABS('Shelirabin General'!B12-'Shelirabin General'!Q12) -> 68 | BO12: =ABS('Shelirabin General'!C12-'Shelirabin General'!R12) -> 4 | BP12: =ABS('Shelirabin General'!D12-'Shelirabin General'!S12) -> 14 | BQ12: =ABS('Shelirabin General'!E12-'Shelirabin General'!T12) -> 10 | BR12: =ABS('Shelirabin General'!F12-'Shelirabin General'!U12) -> 30 | BS12: =ABS('Shelirabin General'!G12-'Shelirabin General'!V12) -> 33 | BT12: =ABS('Shelirabin General'!H12-'Shelirabin General'!W12) -> 0 | ... CA12: =ABS('Shelirabin General'!O12-'Shelirabin General'!AD12) -> 0
A13: Subj11 | B13: =ABS('Neutral General'!A13-'Neutral General'!H13) -> 99 | C13: =ABS('Neutral General'!B13-'Neutral General'!I13) -> 12 | D13: =ABS('Neutral General'!C13-'Neutral General'!J13) -> 15 | E13: =ABS('Neutral General'!D13-'Neutral General'!K13) -> 18 | F13: =ABS('Neutral General'!E13-'Neutral General'!L13) -> 30 | G13: =ABS('Neutral General'!F13-'Neutral General'!M13) -> 3 | H13: =ABS('Neutral General'!G13-'Neutral General'!N13) -> 44 | I13: =ABS('Yamin Hadash General'!A13-'Yamin Hadash General'!D13) -> 69 | J13: =ABS('Yamin Hadash General'!B13-'Yamin Hadash General'!E13) -> 90 | K13: =ABS('Yamin Hadash General'!C13-'Yamin Hadash General'!F13) -> 85 | L13: =ABS('Gantz-Lapid General'!A13-'Gantz-Lapid General'!X13) -> 71 | M13: =ABS('Gantz-Lapid General'!B13-'Gantz-Lapid General'!AA13) -> 20 | N13: =ABS('Gantz-Lapid General'!C13-'Gantz-Lapid General'!AB13) -> 0 | O13: =ABS('Gantz-Lapid General'!D13-'Gantz-Lapid General'!AC13) -> 0 | P13: =ABS('Gantz-Lapid General'!E13-'Gantz-Lapid General'!AD13) -> 0 | Q13: =ABS('Gantz-Lapid General'!F13-'Gantz-Lapid General'!AE13) -> 0 | R13: =ABS('Gantz-Lapid General'!G13-'Gantz-Lapid General'!AF13) -> 0 | S13: =ABS('Gantz-Lapid General'!H13-'Gantz-Lapid General'!AG13) -> 10 | T13: =ABS('Gantz-Lapid General'!I13-'Gantz-Lapid General'!AH13) -> 0 | ... AF13: =ABS('Gantz-Lapid General'!U13-'Gantz-Lapid General'!AT13) -> 10 | AG13: =ABS('Gantz-Lapid General'!V13-'Gantz-Lapid General'!Y13) -> 30 | AH13: =ABS('Gantz-Lapid General'!W13-'Gantz-Lapid General'!Z13) -> 18 | AI13: =ABS('Likud General'!A13-'Likud General'!F13) -> 7 | AJ13: =ABS('Likud General'!B13-'Likud General'!G13) -> 10 | AK13: =ABS('Likud General'!C13-'Likud General'!H13) -> 0 | AL13: =ABS('Likud General'!D13-'Likud General'!I13) -> 0 | AM13: =ABS('Likud General'!E13-'Likud General'!J13) -> 76 | AN13: =ABS('Meretz-Avoda General'!A13-'Meretz-Avoda General'!M13) -> 0 | AO13: =ABS('Meretz-Avoda General'!B13-'Meretz-Avoda General'!N13) -> 40 | AP13: =ABS('Meretz-Avoda General'!C13-'Meretz-Avoda General'!O13) -> 0 | AQ13: =ABS('Meretz-Avoda General'!D13-'Meretz-Avoda General'!P13) -> 0 | AR13: =ABS('Meretz-Avoda General'!E13-'Meretz-Avoda General'!Q13) -> 0 | AS13: =ABS('Meretz-Avoda General'!F13-'Meretz-Avoda General'!R13) -> 0 | AT13: =ABS('Meretz-Avoda General'!G13-'Meretz-Avoda General'!S13) -> 30 | AU13: =ABS('Meretz-Avoda General'!H13-'Meretz-Avoda General'!T13) -> 0 | ... AY13: =ABS('Meretz-Avoda General'!L13-'Meretz-Avoda General'!X13) -> 0 | AZ13: =ABS('Bibiindictment General'!A13-'Bibiindictment General'!N13) -> 10 | BA13: =ABS('Bibiindictment General'!B13-'Bibiindictment General'!O13) -> 37 | BB13: =ABS('Bibiindictment General'!C13-'Bibiindictment General'!P13) -> 20 | BC13: =ABS('Bibiindictment General'!D13-'Bibiindictment General'!Q13) -> 20 | BD13: =ABS('Bibiindictment General'!E13-'Bibiindictment General'!R13) -> 20 | BE13: =ABS('Bibiindictment General'!F13-'Bibiindictment General'!S13) -> 35 | BF13: =ABS('Bibiindictment General'!G13-'Bibiindictment General'!T13) -> 0 | BG13: =ABS('Bibiindictment General'!H13-'Bibiindictment General'!U13) -> 0 | ... BL13: =ABS('Bibiindictment General'!M13-'Bibiindictment General'!Z13) -> 0 | BM13: =ABS('Shelirabin General'!A13-'Shelirabin General'!P13) -> 55 | BN13: =ABS('Shelirabin General'!B13-'Shelirabin General'!Q13) -> 100 | BO13: =ABS('Shelirabin General'!C13-'Shelirabin General'!R13) -> 0 | BP13: =ABS('Shelirabin General'!D13-'Shelirabin General'!S13) -> 1 | BQ13: =ABS('Shelirabin General'!E13-'Shelirabin General'!T13) -> 60 | BR13: =ABS('Shelirabin General'!F13-'Shelirabin General'!U13) -> 0 | BS13: =ABS('Shelirabin General'!G13-'Shelirabin General'!V13) -> 0 | BT13: =ABS('Shelirabin General'!H13-'Shelirabin General'!W13) -> 0 | ... CA13: =ABS('Shelirabin General'!O13-'Shelirabin General'!AD13) -> 0
A14: Subj12 | B14: =ABS('Neutral General'!A14-'Neutral General'!H14) -> 22 | C14: =ABS('Neutral General'!B14-'Neutral General'!I14) -> 57 | D14: =ABS('Neutral General'!C14-'Neutral General'!J14) -> 5 | E14: =ABS('Neutral General'!D14-'Neutral General'!K14) -> 7 | F14: =ABS('Neutral General'!E14-'Neutral General'!L14) -> 18 | G14: =ABS('Neutral General'!F14-'Neutral General'!M14) -> 18 | H14: =ABS('Neutral General'!G14-'Neutral General'!N14) -> 0 | I14: =ABS('Yamin Hadash General'!A14-'Yamin Hadash General'!D14) -> 14 | J14: =ABS('Yamin Hadash General'!B14-'Yamin Hadash General'!E14) -> 15 | K14: =ABS('Yamin Hadash General'!C14-'Yamin Hadash General'!F14) -> 43 | L14: =ABS('Gantz-Lapid General'!A14-'Gantz-Lapid General'!X14) -> 11 | M14: =ABS('Gantz-Lapid General'!B14-'Gantz-Lapid General'!AA14) -> 7 | N14: =ABS('Gantz-Lapid General'!C14-'Gantz-Lapid General'!AB14) -> 11 | O14: =ABS('Gantz-Lapid General'!D14-'Gantz-Lapid General'!AC14) -> 12 | P14: =ABS('Gantz-Lapid General'!E14-'Gantz-Lapid General'!AD14) -> 55 | Q14: =ABS('Gantz-Lapid General'!F14-'Gantz-Lapid General'!AE14) -> 34 | R14: =ABS('Gantz-Lapid General'!G14-'Gantz-Lapid General'!AF14) -> 26 | S14: =ABS('Gantz-Lapid General'!H14-'Gantz-Lapid General'!AG14) -> 3 | T14: =ABS('Gantz-Lapid General'!I14-'Gantz-Lapid General'!AH14) -> 41 | ... AF14: =ABS('Gantz-Lapid General'!U14-'Gantz-Lapid General'!AT14) -> 3 | AG14: =ABS('Gantz-Lapid General'!V14-'Gantz-Lapid General'!Y14) -> 2 | AH14: =ABS('Gantz-Lapid General'!W14-'Gantz-Lapid General'!Z14) -> 3 | AI14: =ABS('Likud General'!A14-'Likud General'!F14) -> 57 | AJ14: =ABS('Likud General'!B14-'Likud General'!G14) -> 51 | AK14: =ABS('Likud General'!C14-'Likud General'!H14) -> 18 | AL14: =ABS('Likud General'!D14-'Likud General'!I14) -> 25 | AM14: =ABS('Likud General'!E14-'Likud General'!J14) -> 6 | AN14: =ABS('Meretz-Avoda General'!A14-'Meretz-Avoda General'!M14) -> 10 | AO14: =ABS('Meretz-Avoda General'!B14-'Meretz-Avoda General'!N14) -> 15 | AP14: =ABS('Meretz-Avoda General'!C14-'Meretz-Avoda General'!O14) -> 37 | AQ14: =ABS('Meretz-Avoda General'!D14-'Meretz-Avoda General'!P14) -> 3 | AR14: =ABS('Meretz-Avoda General'!E14-'Meretz-Avoda General'!Q14) -> 23 | AS14: =ABS('Meretz-Avoda General'!F14-'Meretz-Avoda General'!R14) -> 6 | AT14: =ABS('Meretz-Avoda General'!G14-'Meretz-Avoda General'!S14) -> 27 | AU14: =ABS('Meretz-Avoda General'!H14-'Meretz-Avoda General'!T14) -> 27 | ... AY14: =ABS('Meretz-Avoda General'!L14-'Meretz-Avoda General'!X14) -> 74 | AZ14: =ABS('Bibiindictment General'!A14-'Bibiindictment General'!N14) -> 11 | BA14: =ABS('Bibiindictment General'!B14-'Bibiindictment General'!O14) -> 6 | BB14: =ABS('Bibiindictment General'!C14-'Bibiindictment General'!P14) -> 20 | BC14: =ABS('Bibiindictment General'!D14-'Bibiindictment General'!Q14) -> 1 | BD14: =ABS('Bibiindictment General'!E14-'Bibiindictment General'!R14) -> 46 | BE14: =ABS('Bibiindictment General'!F14-'Bibiindictment General'!S14) -> 9 | BF14: =ABS('Bibiindictment General'!G14-'Bibiindictment General'!T14) -> 27 | BG14: =ABS('Bibiindictment General'!H14-'Bibiindictment General'!U14) -> 2 | ... BL14: =ABS('Bibiindictment General'!M14-'Bibiindictment General'!Z14) -> 30 | BM14: =ABS('Shelirabin General'!A14-'Shelirabin General'!P14) -> 53 | BN14: =ABS('Shelirabin General'!B14-'Shelirabin General'!Q14) -> 39 | BO14: =ABS('Shelirabin General'!C14-'Shelirabin General'!R14) -> 17 | BP14: =ABS('Shelirabin General'!D14-'Shelirabin General'!S14) -> 71 | BQ14: =ABS('Shelirabin General'!E14-'Shelirabin General'!T14) -> 1 | BR14: =ABS('Shelirabin General'!F14-'Shelirabin General'!U14) -> 4 | BS14: =ABS('Shelirabin General'!G14-'Shelirabin General'!V14) -> 1 | BT14: =ABS('Shelirabin General'!H14-'Shelirabin General'!W14) -> 22 | ... CA14: =ABS('Shelirabin General'!O14-'Shelirabin General'!AD14) -> 9
... A23: Subj21 | B23: =ABS('Neutral General'!A23-'Neutral General'!H23) -> 6 | C23: =ABS('Neutral General'!B23-'Neutral General'!I23) -> 59 | D23: =ABS('Neutral General'!C23-'Neutral General'!J23) -> 6 | E23: =ABS('Neutral General'!D23-'Neutral General'!K23) -> 3 | F23: =ABS('Neutral General'!E23-'Neutral General'!L23) -> 4 | G23: =ABS('Neutral General'!F23-'Neutral General'!M23) -> 45 | H23: =ABS('Neutral General'!G23-'Neutral General'!N23) -> 8 | I23: =ABS('Yamin Hadash General'!A23-'Yamin Hadash General'!D23) -> 0 | J23: =ABS('Yamin Hadash General'!B23-'Yamin Hadash General'!E23) -> 35 | K23: =ABS('Yamin Hadash General'!C23-'Yamin Hadash General'!F23) -> 20 | L23: =ABS('Gantz-Lapid General'!A23-'Gantz-Lapid General'!X23) -> 0 | M23: =ABS('Gantz-Lapid General'!B23-'Gantz-Lapid General'!AA23) -> 0 | N23: =ABS('Gantz-Lapid General'!C23-'Gantz-Lapid General'!AB23) -> 30 | O23: =ABS('Gantz-Lapid General'!D23-'Gantz-Lapid General'!AC23) -> 0 | P23: =ABS('Gantz-Lapid General'!E23-'Gantz-Lapid General'!AD23) -> 0 | Q23: =ABS('Gantz-Lapid General'!F23-'Gantz-Lapid General'!AE23) -> 8 | R23: =ABS('Gantz-Lapid General'!G23-'Gantz-Lapid General'!AF23) -> 0 | S23: =ABS('Gantz-Lapid General'!H23-'Gantz-Lapid General'!AG23) -> 0 | T23: =ABS('Gantz-Lapid General'!I23-'Gantz-Lapid General'!AH23) -> 20 | ... AF23: =ABS('Gantz-Lapid General'!U23-'Gantz-Lapid General'!AT23) -> 0 | AG23: =ABS('Gantz-Lapid General'!V23-'Gantz-Lapid General'!Y23) -> 5 | AH23: =ABS('Gantz-Lapid General'!W23-'Gantz-Lapid General'!Z23) -> 20 | AI23: =ABS('Likud General'!A23-'Likud General'!F23) -> 1 | AJ23: =ABS('Likud General'!B23-'Likud General'!G23) -> 75 | AK23: =ABS('Likud General'!C23-'Likud General'!H23) -> #VALUE! | AL23: =ABS('Likud General'!D23-'Likud General'!I23) -> 9 | AM23: =ABS('Likud General'!E23-'Likud General'!J23) -> 0 | AN23: =ABS('Meretz-Avoda General'!A23-'Meretz-Avoda General'!M23) -> 72 | AO23: =ABS('Meretz-Avoda General'!B23-'Meretz-Avoda General'!N23) -> 20 | AP23: =ABS('Meretz-Avoda General'!C23-'Meretz-Avoda General'!O23) -> 20 | AQ23: =ABS('Meretz-Avoda General'!D23-'Meretz-Avoda General'!P23) -> 0 | AR23: =ABS('Meretz-Avoda General'!E23-'Meretz-Avoda General'!Q23) -> 5 | AS23: =ABS('Meretz-Avoda General'!F23-'Meretz-Avoda General'!R23) -> 0 | AT23: =ABS('Meretz-Avoda General'!G23-'Meretz-Avoda General'!S23) -> 0 | AU23: =ABS('Meretz-Avoda General'!H23-'Meretz-Avoda General'!T23) -> 0 | ... AY23: =ABS('Meretz-Avoda General'!L23-'Meretz-Avoda General'!X23) -> 0 | AZ23: =ABS('Bibiindictment General'!A23-'Bibiindictment General'!N23) -> 7 | BA23: =ABS('Bibiindictment General'!B23-'Bibiindictment General'!O23) -> 46 | BB23: =ABS('Bibiindictment General'!C23-'Bibiindictment General'!P23) -> 0 | BC23: =ABS('Bibiindictment General'!D23-'Bibiindictment General'!Q23) -> 0 | BD23: =ABS('Bibiindictment General'!E23-'Bibiindictment General'!R23) -> 0 | BE23: =ABS('Bibiindictment General'!F23-'Bibiindictment General'!S23) -> 0 | BF23: =ABS('Bibiindictment General'!G23-'Bibiindictment General'!T23) -> 9 | BG23: =ABS('Bibiindictment General'!H23-'Bibiindictment General'!U23) -> 39 | ... BL23: =ABS('Bibiindictment General'!M23-'Bibiindictment General'!Z23) -> 5 | BM23: =ABS('Shelirabin General'!A23-'Shelirabin General'!P23) -> 46 | BN23: =ABS('Shelirabin General'!B23-'Shelirabin General'!Q23) -> 22 | BO23: =ABS('Shelirabin General'!C23-'Shelirabin General'!R23) -> 5 | BP23: =ABS('Shelirabin General'!D23-'Shelirabin General'!S23) -> 0 | BQ23: =ABS('Shelirabin General'!E23-'Shelirabin General'!T23) -> 20 | BR23: =ABS('Shelirabin General'!F23-'Shelirabin General'!U23) -> 0 | BS23: =ABS('Shelirabin General'!G23-'Shelirabin General'!V23) -> 9 | BT23: =ABS('Shelirabin General'!H23-'Shelirabin General'!W23) -> 0 | ... CA23: =ABS('Shelirabin General'!O23-'Shelirabin General'!AD23) -> 0
A25: Q Type
AH27: ='Gantz-Lapid General'!W3 -> 61 | AI27: ='Gantz-Lapid General'!Z3 -> 67
AH28: ='Gantz-Lapid General'!W4 -> 40
AH29: ='Gantz-Lapid General'!W5 -> 20
AH30: ='Gantz-Lapid General'!W6 -> 61

Sheet subtraction_with_clustering_Q
B1: Neutral | I1: Yamin Hadash | P1: Gantz-Lapid | AS1: Likud | BA1: Meretz-Avoda | BU1: Bibi's Indictment | CL1: Sheli-Rabin
B2: Q1 | C2: Q2 | D2: Q3 | E2: Q4 | F2: Q5 | G2: Q6 | H2: Q7 | I2: Q1 | J2: Q2 | K2: Q3 | L2: Q4 | M2: Q5 | N2: Q6 | O2: Q7 | P2: Q1 | Q2: Q2 | R2: Q3 | S2: Q4 | T2: Q5 | U2: Q6 | V2: Q7 | W2: Q8 | X2: Q9 | Y2: Q10 | Z2: Q11 | AA2: Q12 | AB2: Q13 | AC2: Q14 | AD2: Q15 | AE2: Q16 | AF2: Q17 | AG2: Q18 | AH2: Q19 | AI2: Q20 | AJ2: Q21 | AK2: Q22 | AL2: Q23 | AM2: Q24 | AN2: Q25 | AO2: Q26 | AP2: Q27 | AQ2: Q28 | AR2: Q29 | AS2: Q1 | AT2: Q2 | AU2: Q3 | AV2: Q4 | AW2: Q5 | AX2: Q6 | AY2: Q7 | AZ2: Q8 | BA2: Q1 | BB2: Q2 | BC2: Q3 | BD2: Q4 | BE2: Q5 | BF2: Q6 | BG2: Q7 | BH2: Q8 | BI2: Q9 | BJ2: Q10 | BK2: Q11 | BL2: Q12 | BM2: Q13 | BN2: Q14 | BO2: Q15 | BP2: Q16 | BQ2: Q17 | BR2: Q18 | BS2: Q19 | BT2: Q20 | BU2: Q1 | BV2: Q2 | BW2: Q3 | BX2: Q4 | BY2: Q5 | BZ2: Q6 | CA2: Q7 | CB2: Q8 | CC2: Q9 | CD2: Q10 | CE2: Q11 | CF2: Q12 | CG2: Q13 | CH2: Q14 | CI2: Q15 | CJ2: Q16 | CK2: Q17 | CL2: Q1 | CM2: Q2 | CN2: Q3 | CO2: Q4 | CP2: Q5 | CQ2: Q6 | CR2: Q7 | CS2: Q8 | CT2: Q9 | CU2: Q10 | CV2: Q11 | CW2: Q12 | CX2: Q13 | CY2: Q14 | CZ2: Q15 | DA2: Q16
A3: Subj1 | B3: 26 | C3: 11 | D3: 20 | E3: 15 | F3: 1 | G3: 3 | H3: 4 | I3: 10 | J3: 36 | K3: 36 | L3: 58 | M3: 2 | N3: 81 | O3: 1 | P3: 12 | Q3: 20 | R3: 20 | S3: 10 | T3: 30 | U3: 30 | V3: 0 | W3: 0 | X3: 0 | Y3: 30 | Z3: 0 | AA3: 25 | AB3: 30 | AC3: 0 | AD3: 20 | AE3: 0 | AF3: 0 | AG3: 0 | AH3: 0 | AI3: 0 | AJ3: 11 | AK3: 60 | AL3: 6 | AM3: 1 | AN3: 1 | AO3: 1 | AP3: 87 | AQ3: 1 | AR3: 70 | AS3: 27 | AT3: 15 | AU3: 1 | AV3: 22 | AW3: 0 | AX3: 64 | AY3: 65 | AZ3: 60 | BA3: 26 | BB3: 4 | BC3: 10 | BD3: 0 | BE3: 0 | BF3: 10 | BG3: 0 | BH3: 0 | BI3: 0 | BJ3: 0 | BK3: 0 | BL3: 1 | BM3: 64 | BN3: 1 | BO3: 100 | BP3: 60 | BQ3: 77 | BR3: 54 | BS3: 87 | BT3: 2 | BU3: 3 | BV3: 12 | BW3: 29 | BX3: 10 | BY3: 10 | BZ3: 19 | CA3: 19 | CB3: 0 | CC3: 0 | CD3: 50 | CE3: 13 | CF3: 0 | CG3: 5 | CH3: 1 | CI3: 73 | CJ3: 1 | CK3: 1 | CL3: 26 | CM3: 50 | CN3: 28 | CO3: 2 | CP3: 23 | CQ3: 10 | CR3: 10 | CS3: 0 | CT3: 20 | CU3: 0 | CV3: 0 | CW3: 0 | CX3: 0 | CY3: 40 | CZ3: 0 | DA3: 13
A4: Subj2 | B4: 17 | C4: 8 | D4: 2 | E4: 0 | F4: 4 | G4: 32 | H4: 2 | I4: 35 | J4: 20 | K4: 5 | L4: 16 | M4: 27 | N4: 95 | O4: 5 | P4: 16 | Q4: 10 | R4: 40 | S4: 20 | T4: 0 | U4: 0 | V4: 0 | W4: 0 | X4: 0 | Y4: 50 | Z4: 0 | AA4: 35 | AB4: 0 | AC4: 5 | AD4: 0 | AE4: 0 | AF4: 0 | AG4: 0 | AH4: 30 | AI4: 55 | AJ4: 0 | AK4: 55 | AL4: 30 | AM4: 97 | AN4: 3 | AO4: 77 | AP4: 14 | AQ4: 16 | AR4: 27 | AS4: 4 | AT4: 10 | AU4: 85 | AV4: 8 | AW4: 2 | AX4: 89 | AY4: 75 | AZ4: 85 | BA4: 3 | BB4: 20 | BC4: 0 | BD4: 0 | BE4: 10 | BF4: 0 | BG4: 0 | BH4: 0 | BI4: 0 | BJ4: 0 | BK4: 0 | BL4: 0 | BM4: 6 | BN4: 14 | BO4: 26 | BP4: 0 | BQ4: 0 | BR4: 96 | BS4: 22 | BT4: 75 | BU4: 13 | BV4: 59 | BW4: 5 | BX4: 0 | BY4: 10 | BZ4: 0 | CA4: 10 | CB4: 10 | CC4: 20 | CD4: 0 | CE4: 20 | CF4: 15 | CG4: 10 | CH4: 3 | CI4: 5 | CJ4: 4 | CK4: 3 | CL4: 24 | CM4: 61 | CN4: 2 | CO4: 6 | CP4: 5 | CQ4: 10 | CR4: 5 | CS4: 0 | CT4: 0 | CU4: 0 | CV4: 0 | CW4: 0 | CX4: 0 | CY4: 0 | CZ4: 0 | DA4: 52
A5: Subj3 | B5: 12 | C5: 13 | D5: 40 | E5: 2 | F5: 5 | G5: 9 | H5: 2 | I5: 28 | J5: 5 | K5: 30 | L5: 58 | M5: 0 | N5: 68 | O5: 40 | P5: 7 | Q5: 1 | R5: 1 | S5: 1 | T5: 49 | U5: 40 | V5: 64 | W5: 2 | X5: 28 | Y5: 44 | Z5: 1 | AA5: 60 | AB5: 60 | AC5: 60 | AD5: 38 | AE5: 40 | AF5: 55 | AG5: 2 | AH5: 38 | AI5: 3 | AJ5: 47 | AK5: 20 | AL5: 70 | AM5: 0 | AN5: 0 | AO5: 0 | AP5: 13 | AQ5: 100 | AR5: 100 | AS5: 7 | AT5: 22 | AU5: 13 | AV5: 34 | AW5: 3 | AX5: 80 | AY5: 0 | AZ5: 0 | BA5: 10 | BB5: 0 | BC5: 6 | BD5: 8 | BE5: 7 | BF5: 0 | BG5: 10 | BH5: 23 | BI5: 3 | BJ5: 5 | BK5: 35 | BL5: 32 | BM5: 37 | BN5: 0 | BO5: 100 | BP5: 0 | BQ5: 68 | BR5: 0 | BS5: 100 | BT5: 0 | BU5: 10 | BV5: 2 | BW5: 16 | BX5: 50 | BY5: 10 | BZ5: 25 | CA5: 20 | CB5: 35 | CC5: 55 | CD5: 5 | CE5: 4 | CF5: 74 | CG5: 31 | CH5: 40 | CI5: 0 | CJ5: 14 | CK5: 20 | CL5: 14 | CM5: 22 | CN5: 0 | CO5: 8 | CP5: 30 | CQ5: 10 | CR5: 10 | CS5: 20 | CT5: 45 | CU5: 11 | CV5: 32 | CW5: 5 | CX5: 4 | CY5: 23 | CZ5: 4 | DA5: 33
A6: Subj4 | B6: 6 | C6: 7 | D6: 11 | E6: 27 | F6: 12 | G6: 3 | H6: 19 | I6: 13 | J6: 41 | K6: 45 | L6: 24 | M6: 32 | N6: 55 | O6: 40 | P6: 30 | Q6: 49 | R6: 33 | S6: 2 | T6: 12 | U6: 4 | V6: 1 | W6: 27 | X6: 6 | Y6: 15 | Z6: 0 | AA6: 2 | AB6: 13 | AC6: 8 | AD6: 8 | AE6: 6 | AF6: 2 | AG6: 12 | AH6: 4 | AI6: 3 | AJ6: 6 | AK6: 50 | AL6: 11 | AM6: 33 | AN6: 20 | AO6: 16 | AP6: 34 | AQ6: 65 | AR6: 71 | AS6: 30 | AT6: 2 | AU6: 0 | AV6: 18 | AW6: 29 | AX6: 53 | AY6: 32 | AZ6: 23 | BA6: 20 | BB6: 31 | BC6: 23 | BD6: 30 | BE6: 28 | BF6: 14 | BG6: 1 | BH6: 4 | BI6: 8 | BJ6: 20 | BK6: 2 | BL6: 1 | BM6: 65 | BN6: 66 | BO6: 74 | BP6: 35 | BQ6: 35 | BR6: 33 | BS6: 64 | BT6: 61 | BU6: 6 | BV6: 4 | BW6: 58 | BX6: 31 | BY6: 30 | BZ6: 38 | CA6: 9 | CB6: 18 | CC6: 21 | CD6: 44 | CE6: 9 | CF6: 15 | CG6: 5 | CH6: 18 | CI6: 27 | CJ6: 25 | CK6: 28 | CL6: 44 | CM6: 13 | CN6: 13 | CO6: 8 | CP6: 11 | CQ6: 0 | CR6: 9 | CS6: 3 | CT6: 2 | CU6: 6 | CV6: 2 | CW6: 50 | CX6: 14 | CY6: 4 | CZ6: 0 | DA6: 26
A7: Subj5 | B7: 19 | C7: 13 | D7: 2 | E7: 9 | F7: 2 | G7: 9 | H7: 29 | I7: 12 | J7: 77 | K7: 7 | L7: 45 | M7: 60 | N7: 89 | O7: 50 | P7: 31 | Q7: 19 | R7: 92 | S7: 34 | T7: 0 | U7: 0 | V7: 0 | W7: 0 | X7: 0 | Y7: 48 | Z7: 0 | AA7: 57 | AB7: 47 | AC7: 9 | AD7: 0 | AE7: 0 | AF7: 0 | AG7: 0 | AH7: 0 | AI7: 0 | AJ7: 0 | AK7: 77 | AL7: 15 | AM7: 43 | AN7: 17 | AO7: 15 | AP7: 73 | AQ7: 71 | AR7: 74 | AS7: 6 | AT7: 14 | AU7: 15 | AV7: 1 | AW7: 0 | AX7: 3 | AY7: 7 | AZ7: 0 | BA7: 11 | BB7: 0 | BC7: 73 | BD7: 72 | BE7: 87 | BF7: 0 | BG7: 0 | BH7: 0 | BI7: 0 | BJ7: 0 | BK7: 0 | BL7: 0 | BM7: 8 | BN7: 55 | BO7: 55 | BP7: 66 | BQ7: 67 | BR7: 48 | BS7: 50 | BT7: 58 | BU7: 19 | BV7: 40 | BW7: 1 | BX7: 0 | BY7: 0 | BZ7: 0 | CA7: 54 | CB7: 53 | CC7: 54 | CD7: 55 | CE7: 54 | CF7: 0 | CG7: 42 | CH7: 10 | CI7: 14 | CJ7: 10 | CK7: 25 | CL7: 7 | CM7: 6 | CN7: 52 | CO7: 8 | CP7: 22 | CQ7: 49 | CR7: 21 | CS7: 2 | CT7: 0 | CU7: 0 | CV7: 0 | CW7: 0 | CX7: 0 | CY7: 0 | CZ7: 0 | DA7: 0
A8: Subj6 | B8: 2 | C8: 35 | D8: 9 | E8: 24 | F8: 12 | G8: 27 | H8: 4 | I8: 93 | J8: 49 | K8: 79 | L8: 65 | M8: 49 | N8: 94 | O8: 90 | P8: 33 | Q8: 10 | R8: 38 | S8: 29 | T8: 12 | U8: 0 | V8: 0 | W8: 0 | X8: 0 | Y8: 9 | Z8: 0 | AA8: 5 | AB8: 46 | AC8: 4 | AD8: 0 | AE8: 29 | AF8: 0 | AG8: 0 | AH8: 59 | AI8: 0 | AJ8: 0 | AK8: 31 | AL8: 9 | AM8: 69 | AN8: 0 | AO8: 26 | AP8: 68 | AQ8: 38 | AR8: 85 | AS8: 16 | AT8: 14 | AU8: 57 | AV8: 8 | AW8: 25 | AX8: 98 | AY8: 99 | AZ8: 0 | BA8: 1 | BB8: 1 | BC8: 27 | BD8: 72 | BE8: 20 | BF8: 5 | BG8: 0 | BH8: 0 | BI8: 0 | BJ8: 7 | BK8: 0 | BL8: 0 | BM8: 1 | BN8: 3 | BO8: 55 | BP8: 56 | BQ8: 68 | BR8: 33 | BS8: 58 | BT8: 59 | BU8: 40 | BV8: 0 | BW8: 0 | BX8: 31 | BY8: 0 | BZ8: 0 | CA8: 10 | CB8: 2 | CC8: 51 | CD8: 27 | CE8: 71 | CF8: 2 | CG8: 41 | CH8: 2 | CI8: 16 | CJ8: 0 | CK8: 0 | CL8: 23 | CM8: 4 | CN8: 32 | CO8: 66 | CP8: 3 | CQ8: 47 | CR8: 68 | CS8: 19 | CT8: 0 | CU8: 0 | CV8: 0 | CW8: 0 | CX8: 20 | CY8: 0 | CZ8: 0 | DA8: 0
A9: Subj7 | B9: 17 | C9: 23 | D9: 3 | E9: 1 | F9: 36 | G9: 13 | H9: 20 | I9: 18 | J9: 32 | K9: 12 | L9: 20 | M9: 11 | N9: 76 | O9: 65 | P9: 47 | Q9: 1 | R9: 7 | S9: 1 | T9: 2 | U9: 0 | V9: 0 | W9: 8 | X9: 58 | Y9: 29 | Z9: 5 | AA9: 59 | AB9: 48 | AC9: 25 | AD9: 4 | AE9: 9 | AF9: 2 | AG9: 1 | AH9: 28 | AI9: 6 | AJ9: 3 | AK9: 11 | AL9: 11 | AM9: 65 | AN9: 23 | AO9: 21 | AP9: 75 | AQ9: 67 | AR9: 81 | AS9: 24 | AT9: 42 | AU9: 18 | AV9: 6 | AW9: 22 | AX9: 68 | AY9: 65 | AZ9: 76 | BA9: 38 | BB9: 4 | BC9: 12 | BD9: 35 | BE9: 56 | BF9: 5 | BG9: 1 | BH9: 3 | BI9: 1 | BJ9: 7 | BK9: 7 | BL9: 5 | BM9: 36 | BN9: 77 | BO9: 79 | BP9: 64 | BQ9: 74 | BR9: 97 | BS9: 73 | BT9: 73 | BU9: 61 | BV9: 7 | BW9: 6 | BX9: 22 | BY9: 8 | BZ9: 1 | CA9: 22 | CB9: 39 | CC9: 40 | CD9: 72 | CE9: 65 | CF9: 23 | CG9: 16 | CH9: 78 | CI9: 78 | CJ9: 60 | CK9: 69 | CL9: 15 | CM9: 7 | CN9: 17 | CO9: 14 | CP9: 12 | CQ9: 66 | CR9: 68 | CS9: 63 | CT9: 2 | CU9: 2 | CV9: 0 | CW9: 8 | CX9: 10 | CY9: 5 | CZ9: 0 | DA9: 71
A10: Subj8 | B10: 0 | C10: 3 | D10: 0 | E10: 39 | F10: 0 | G10: 20 | H10: 7 | I10: 19 | J10: 100 | K10: 54 | L10: 83 | M10: 0 | N10: 100 | O10: 0 | P10: 76 | Q10: 0 | R10: 100 | S10: 56 | T10: 100 | U10: 100 | V10: 100 | W10: 51 | X10: 100 | Y10: 100 | Z10: 0 | AA10: 65 | AB10: 56 | AC10: 26 | AD10: 0 | AE10: 53 | AF10: 100 | AG10: 0 | AH10: 0 | AI10: 100 | AJ10: 0 | AK10: 30 | AL10: 53 | AM10: 0 | AN10: 0 | AO10: 0 | AP10: 0 | AQ10: 35 | AR10: 56 | AS10: 0 | AT10: 0 | AU10: 0 | AV10: 23 | AW10: 0 | AX10: 0 | AY10: 100 | AZ10: 0 | BA10: 25 | BB10: 18 | BC10: 0 | BD10: 0 | BE10: 0 | BF10: 0 | BG10: 0 | BH10: 0 | BI10: 0 | BJ10: 58 | BK10: 0 | BL10: 0 | BM10: 10 | BN10: 0 | BO10: 0 | BP10: 0 | BQ10: 0 | BR10: 0 | BS10: 74 | BT10: 76 | BU10: 49 | BV10: 28 | BW10: 0 | BX10: 0 | BY10: 0 | BZ10: 0 | CA10: 43 | CB10: 0 | CC10: 0 | CD10: 100 | CE10: 100 | CF10: 100 | CG10: 0 | CH10: 0 | CI10: 0 | CJ10: 0 | CK10: 0 | CL10: 1 | CM10: 23 | CN10: 0 | CO10: 14 | CP10: 48 | CQ10: 0 | CR10: 0 | CS10: 0 | CT10: 100 | CU10: 100 | CV10: 59 | CW10: 0 | CX10: 0 | CY10: 0 | CZ10: 0 | DA10: 0
A11: Subj9 | B11: 23 | C11: 29 | D11: 10 | E11: 18 | F11: 31 | G11: 2 | H11: 41 | I11: 42 | J11: 20 | K11: 32 | L11: 24 | M11: 33 | N11: 87 | O11: 2 | P11: 32 | Q11: 2 | R11: 43 | S11: 1 | T11: 59 | U11: 33 | V11: 0 | W11: 0 | X11: 17 | Y11: 22 | Z11: 0 | AA11: 58 | AB11: 69 | AC11: 14 | AD11: 0 | AE11: 1 | AF11: 0 | AG11: 0 | AH11: 48 | AI11: 5 | AJ11: 29 | AK11: 1 | AL11: 52 | AM11: 82 | AN11: 80 | AO11: 0 | AP11: 56 | AQ11: 98 | AR11: 95 | AS11: 2 | AT11: 18 | AU11: 0 | AV11: 3 | AW11: 12 | AX11: 79 | AY11: 81 | AZ11: 11 | BA11: 15 | BB11: 16 | BC11: 3 | BD11: 37 | BE11: 12 | BF11: 22 | BG11: 1 | BH11: 0 | BI11: 31 | BJ11: 0 | BK11: 17 | BL11: 25 | BM11: 32 | BN11: 57 | BO11: 84 | BP11: 43 | BQ11: 100 | BR11: 35 | BS11: 77 | BT11: 35 | BU11: 24 | BV11: 66 | BW11: 19 | BX11: 21 | BY11: 8 | BZ11: 3 | CA11: 32 | CB11: 13 | CC11: 53 | CD11: 60 | CE11: 10 | CF11: 31 | CG11: 19 | CH11: 10 | CI11: 0 | CJ11: 0 | CK11: 0 | CL11: 3 | CM11: 25 | CN11: 6 | CO11: 43 | CP11: 3 | CQ11: 5 | CR11: 39 | CS11: 33 | CT11: 7 | CU11: 0 | CV11: 0 | CW11: 0 | CX11: 0 | CY11: 38 | CZ11: 0 | DA11: 4
A12: Subj10 | B12: 0 | C12: 0 | D12: 3 | E12: 0 | F12: 2 | G12: 57 | H12: 4 | I12: 45 | J12: 0 | K12: 50 | L12: 8 | M12: 46 | N12: 58 | O12: 27 | P12: 79 | Q12: 80 | R12: 45 | S12: 70 | T12: 30 | U12: 90 | V12: 51 | W12: 40 | X12: 40 | Y12: 30 | Z12: 20 | AA12: 30 | AB12: 10 | AC12: 30 | AD12: 38 | AE12: 19 | AF12: 0 | AG12: 20 | AH12: 50 | AI12: 30 | AJ12: 0 | AK12: 95 | AL12: 20 | AM12: 78 | AN12: 0 | AO12: 28 | AP12: 100 | AQ12: 80 | AR12: 67 | AS12: 0 | AT12: 0 | AU12: VALUE! | AV12: 0 | AW12: 6 | AX12: 52 | AY12: 100 | AZ12: 7 | BA12: 38 | BB12: 10 | BC12: 40 | BD12: 10 | BE12: 10 | BF12: 35 | BG12: 9 | BH12: 10 | BI12: 0 | BJ12: 30 | BK12: 94 | BL12: 0 | BM12: 14 | BN12: 50 | BO12: 83 | BP12: 75 | BQ12: 77 | BR12: 57 | BS12: 82 | BT12: 65 | BU12: 0 | BV12: 0 | BW12: 0 | BX12: 0 | BY12: 0 | BZ12: 0 | CA12: 0 | CB12: 0 | CC12: 0 | CD12: 0 | CE12: 0 | CF12: 0 | CG12: 0 | CH12: 0 | CI12: 0 | CJ12: 0 | CK12: 0 | CL12: 11 | CM12: 68 | CN12: 4 | CO12: 14 | CP12: 10 | CQ12: 30 | CR12: 33 | CS12: 0 | CT12: 20 | CU12: 5 | CV12: 0 | CW12: 0 | CX12: 22 | CY12: 29 | CZ12: 0 | DA12: 0
A13: Subj11 | B13: 99 | C13: 12 | D13: 15 | E13: 18 | F13: 30 | G13: 3 | H13: 44 | I13: 69 | J13: 90 | K13: 85 | L13: 95 | M13: 100 | N13: 100 | O13: 94 | P13: 71 | Q13: 20 | R13: 0 | S13: 0 | T13: 0 | U13: 0 | V13: 0 | W13: 10 | X13: 0 | Y13: 70 | Z13: 0 | AA13: 0 | AB13: 0 | AC13: 0 | AD13: 10 | AE13: 20 | AF13: 0 | AG13: 0 | AH13: 0 | AI13: 20 | AJ13: 10 | AK13: 30 | AL13: 18 | AM13: 0 | AN13: 0 | AO13: 3 | AP13: 14 | AQ13: 10 | AR13: 12 | AS13: 7 | AT13: 10 | AU13: 0 | AV13: 0 | AW13: 76 | AX13: 52 | AY13: 3 | AZ13: 0 | BA13: 0 | BB13: 40 | BC13: 0 | BD13: 0 | BE13: 0 | BF13: 0 | BG13: 30 | BH13: 0 | BI13: 65 | BJ13: 40 | BK13: 10 | BL13: 0 | BM13: 0 | BN13: 3 | BO13: 5 | BP13: 0 | BQ13: 0 | BR13: 50 | BS13: 0 | BT13: 0 | BU13: 10 | BV13: 37 | BW13: 20 | BX13: 20 | BY13: 20 | BZ13: 35 | CA13: 0 | CB13: 0 | CC13: 0 | CD13: 0 | CE13: 0 | CF13: 10 | CG13: 0 | CH13: 0 | CI13: 16 | CJ13: 0 | CK13: 13 | CL13: 55 | CM13: 100 | CN13: 0 | CO13: 1 | CP13: 60 | CQ13: 0 | CR13: 0 | CS13: 0 | CT13: 10 | CU13: 0 | CV13: 0 | CW13: 20 | CX13: 30 | CY13: 0 | CZ13: 0 | DA13: 10
A14: Subj12 | B14: 22 | C14: 57 | D14: 5 | E14: 7 | F14: 18 | G14: 18 | H14: 0 | I14: 14 | J14: 15 | K14: 43 | L14: 89 | M14: 18 | N14: 83 | O14: 94 | P14: 11 | Q14: 7 | R14: 11 | S14: 12 | T14: 55 | U14: 34 | V14: 26 | W14: 3 | X14: 41 | Y14: 69 | Z14: 7 | AA14: 22 | AB14: 19 | AC14: 25 | AD14: 59 | AE14: 13 | AF14: 9 | AG14: 37 | AH14: 26 | AI14: 25 | AJ14: 3 | AK14: 2 | AL14: 3 | AM14: 19 | AN14: 10 | AO14: 5 | AP14: 33 | AQ14: 65 | AR14: 77 | AS14: 57 | AT14: 51 | AU14: 18 | AV14: 25 | AW14: 6 | AX14: 78 | AY14: 82 | AZ14: 28 | BA14: 10 | BB14: 15 | BC14: 37 | BD14: 3 | BE14: 23 | BF14: 6 | BG14: 27 | BH14: 27 | BI14: 21 | BJ14: 10 | BK14: 21 | BL14: 74 | BM14: 10 | BN14: 14 | BO14: 94 | BP14: 9 | BQ14: 84 | BR14: 3 | BS14: 62 | BT14: 33 | BU14: 11 | BV14: 6 | BW14: 20 | BX14: 1 | BY14: 46 | BZ14: 9 | CA14: 27 | CB14: 2 | CC14: 59 | CD14: 6 | CE14: 21 | CF14: 13 | CG14: 30 | CH14: 10 | CI14: 18 | CJ14: 14 | CK14: 16 | CL14: 53 | CM14: 39 | CN14: 17 | CO14: 71 | CP14: 1 | CQ14: 4 | CR14: 1 | CS14: 22 | CT14: 57 | CU14: 22 | CV14: 13 | CW14: 15 | CX14: 61 | CY14: 5 | CZ14: 9 | DA14: 24
A15: Subj13 | B15: 41 | C15: 11 | D15: 45 | E15: 43 | F15: 20 | G15: 56 | H15: 33 | I15: 0 | J15: 1 | K15: 2 | L15: 16 | M15: 65 | N15: 90 | O15: 8 | P15: 70 | Q15: 0 | R15: 0 | S15: 0 | T15: 1 | U15: 0 | V15: 0 | W15: 0 | X15: 0 | Y15: 50 | Z15: 24 | AA15: 1 | AB15: 1 | AC15: 1 | AD15: 2 | AE15: 0 | AF15: 1 | AG15: 49 | AH15: 0 | AI15: 1 | AJ15: 39 | AK15: 5 | AL15: 2 | AM15: 84 | AN15: 26 | AO15: 12 | AP15: 72 | AQ15: 88 | AR15: 69 | AS15: 0 | AT15: 31 | AU15: 0 | AV15: 16 | AW15: 15 | AX15: 78 | AY15: 16 | AZ15: 0 | BA15: 10 | BB15: 0 | BC15: 1 | BD15: 1 | BE15: 0 | BF15: 34 | BG15: 83 | BH15: 2 | BI15: 0 | BJ15: 0 | BK15: 85 | BL15: 39 | BM15: 86 | BN15: 98 | BO15: 88 | BP15: 16 | BQ15: 87 | BR15: 6 | BS15: 87 | BT15: 21 | BU15: 11 | BV15: 16 | BW15: 0 | BX15: 0 | BY15: 0 | BZ15: 83 | CA15: 100 | CB15: 74 | CC15: 83 | CD15: 0 | CE15: 0 | CF15: 0 | CG15: 27 | CH15: 7 | CI15: 3 | CJ15: 8 | CK15: 75 | CL15: 13 | CM15: 36 | CN15: 19 | CO15: 18 | CP15: 3 | CQ15: 11 | CR15: 3 | CS15: 6 | CT15: 0 | CU15: 30 | CV15: 0 | CW15: 1 | CX15: 24 | CY15: 0 | CZ15: 0 | DA15: 15
A16: Subj14 | B16: 6 | C16: 6 | D16: 6 | E16: 4 | F16: 3 | G16: 31 | H16: 7 | I16: 46 | J16: 54 | K16: 86 | L16: 66 | M16: 83 | N16: 88 | O16: 71 | P16: 33 | Q16: 2 | R16: 0 | S16: 2 | T16: 28 | U16: 25 | V16: 4 | W16: 30 | X16: 22 | Y16: 22 | Z16: 46 | AA16: 3 | AB16: 2 | AC16: 4 | AD16: 52 | AE16: 19 | AF16: 2 | AG16: 24 | AH16: 4 | AI16: 73 | AJ16: 42 | AK16: 8 | AL16: 9 | AM16: 14 | AN16: 10 | AO16: 11 | AP16: 22 | AQ16: 28 | AR16: 13 | AS16: 36 | AT16: 7 | AU16: 6 | AV16: 38 | AW16: 31 | AX16: 22 | AY16: 10 | AZ16: 18 | BA16: 4 | BB16: 35 | BC16: 2 | BD16: 1 | BE16: 10 | BF16: 30 | BG16: 1 | BH16: 6 | BI16: 45 | BJ16: 16 | BK16: 2 | BL16: 47 | BM16: 14 | BN16: 10 | BO16: 15 | BP16: 16 | BQ16: 16 | BR16: 34 | BS16: 20 | BT16: 18 | BU16: 2 | BV16: 24 | BW16: 32 | BX16: 39 | BY16: 13 | BZ16: 2 | CA16: 12 | CB16: 19 | CC16: 4 | CD16: 13 | CE16: 49 | CF16: 11 | CG16: 0 | CH16: 14 | CI16: 30 | CJ16: 14 | CK16: 18 | CL16: 5 | CM16: 15 | CN16: 7 | CO16: 6 | CP16: 34 | CQ16: 2 | CR16: 3 | CS16: 2 | CT16: 21 | CU16: 15 | CV16: 1 | CW16: 25 | CX16: 34 | CY16: 17 | CZ16: 58 | DA16: 21
A17: Subj15 | B17: 7 | C17: 1 | D17: 11 | E17: 47 | F17: 32 | G17: 0 | H17: 12 | I17: 17 | J17: 43 | K17: 21 | L17: 0 | M17: 0 | N17: 64 | O17: 70 | P17: 39 | Q17: 19 | R17: 0 | S17: 7 | T17: 21 | U17: 0 | V17: 0 | W17: 0 | X17: 0 | Y17: 54 | Z17: 0 | AA17: 50 | AB17: 0 | AC17: 79 | AD17: 69 | AE17: 0 | AF17: 0 | AG17: 0 | AH17: 0 | AI17: 30 | AJ17: 0 | AK17: 0 | AL17: 0 | AM17: 0 | AN17: 0 | AO17: 0 | AP17: 0 | AQ17: 82 | AR17: 82 | AS17: 0 | AT17: 2 | AU17: VALUE! | AV17: 26 | AW17: 12 | AX17: 0 | AY17: 72 | AZ17: 20 | BA17: 39 | BB17: 0 | BC17: 0 | BD17: 50 | BE17: 0 | BF17: 0 | BG17: 45 | BH17: 0 | BI17: 0 | BJ17: 0 | BK17: 29 | BL17: 0 | BM17: 5 | BN17: 9 | BO17: 100 | BP17: 0 | BQ17: 0 | BR17: 22 | BS17: 83 | BT17: 69 | BU17: 58 | BV17: 0 | BW17: 0 | BX17: 0 | BY17: 0 | BZ17: 0 | CA17: 0 | CB17: 50 | CC17: 58 | CD17: 81 | CE17: 0 | CF17: 0 | CG17: 86 | CH17: 0 | CI17: 0 | CJ17: 0 | CK17: 0 | CL17: 9 | CM17: 19 | CN17: 33 | CO17: 1 | CP17: 0 | CQ17: 40 | CR17: 60 | CS17: 19 | CT17: 0 | CU17: 0 | CV17: 0 | CW17: 0 | CX17: 0 | CY17: 71 | CZ17: 0 | DA17: 1
A18: Subj16 | B18: 22 | C18: 14 | D18: 7 | E18: 2 | F18: 17 | G18: 10 | H18: 15 | I18: 34 | J18: 20 | K18: 10 | L18: 69 | M18: 0 | N18: 99 | O18: 76 | P18: 36 | Q18: 51 | R18: 60 | S18: 60 | T18: 84 | U18: 84 | V18: 1 | W18: 1 | X18: 84 | Y18: 60 | Z18: 1 | AA18: 10 | AB18: 10 | AC18: 9 | AD18: 15 | AE18: 1 | AF18: 1 | AG18: 1 | AH18: 25 | AI18: 1 | AJ18: 1 | AK18: 20 | AL18: 55 | AM18: 0 | AN18: 43 | AO18: 63 | AP18: 100 | AQ18: 48 | AR18: 81 | AS18: 2 | AT18: 1 | AU18: VALUE! | AV18: 19 | AW18: 33 | AX18: 74 | AY18: 51 | AZ18: 40 | BA18: 15 | BB18: 40 | BC18: 1 | BD18: 1 | BE18: 1 | BF18: 25 | BG18: 10 | BH18: 1 | BI18: 1 | BJ18: 1 | BK18: 30 | BL18: 1 | BM18: 0 | BN18: 18 | BO18: 75 | BP18: 22 | BQ18: 86 | BR18: 0 | BS18: 64 | BT18: 73 | BU18: 8 | BV18: 7 | BW18: 10 | BX18: 10 | BY18: 15 | BZ18: 40 | CA18: 35 | CB18: 39 | CC18: 1 | CD18: 1 | CE18: 40 | CF18: 50 | CG18: 50 | CH18: 59 | CI18: 43 | CJ18: 18 | CK18: 45 | CL18: 59 | CM18: 46 | CN18: 50 | CO18: 20 | CP18: 0 | CQ18: 25 | CR18: 25 | CS18: 10 | CT18: 1 | CU18: 1 | CV18: 1 | CW18: 1 | CX18: 1 | CY18: 50 | CZ18: 1 | DA18: 58
A19: Subj17 | B19: 38 | C19: 58 | D19: 30 | E19: 9 | F19: 12 | G19: 0 | H19: 8 | I19: 4 | J19: 5 | K19: 58 | L19: 70 | M19: 63 | N19: 57 | O19: 75 | P19: 90 | Q19: 10 | R19: 15 | S19: 20 | T19: 10 | U19: 20 | V19: 0 | W19: 5 | X19: 45 | Y19: 10 | Z19: 0 | AA19: 15 | AB19: 60 | AC19: 35 | AD19: 5 | AE19: 25 | AF19: 0 | AG19: 10 | AH19: 50 | AI19: 55 | AJ19: 60 | AK19: 18 | AL19: 7 | AM19: 13 | AN19: 63 | AO19: 59 | AP19: 25 | AQ19: 23 | AR19: 71 | AS19: 55 | AT19: 54 | AU19: 36 | AV19: 23 | AW19: 32 | AX19: 82 | AY19: 79 | AZ19: 61 | BA19: 62 | BB19: 20 | BC19: 0 | BD19: 0 | BE19: 15 | BF19: 65 | BG19: 10 | BH19: 22 | BI19: 55 | BJ19: 10 | BK19: 70 | BL19: 10 | BM19: 0 | BN19: 32 | BO19: 0 | BP19: 0 | BQ19: 0 | BR19: 24 | BS19: 68 | BT19: 24 | BU19: 56 | BV19: 24 | BW19: 34 | BX19: 70 | BY19: 45 | BZ19: 30 | CA19: 0 | CB19: 95 | CC19: 10 | CD19: 40 | CE19: 55 | CF19: 10 | CG19: 5 | CH19: 35 | CI19: 38 | CJ19: 35 | CK19: 59 | CL19: 0 | CM19: 100 | CN19: 25 | CO19: 35 | CP19: 10 | CQ19: 0 | CR19: 5 | CS19: 0 | CT19: 50 | CU19: 10 | CV19: 0 | CW19: 10 | CX19: 15 | CY19: 10 | CZ19: 90 | DA19: 78
A20: Subj18 | B20: 8 | C20: 29 | D20: 0 | E20: 0 | F20: 23 | G20: 77 | H20: 36 | I20: 12 | J20: 40 | K20: 40 | L20: 70 | M20: 74 | N20: 46 | O20: 72 | P20: 19 | Q20: 10 | R20: 0 | S20: 40 | T20: 0 | U20: 10 | V20: 0 | W20: 20 | X20: 10 | Y20: 30 | Z20: 0 | AA20: 40 | AB20: 70 | AC20: 40 | AD20: 20 | AE20: 0 | AF20: 0 | AG20: 30 | AH20: 0 | AI20: 10 | AJ20: 0 | AK20: 30 | AL20: 50 | AM20: 68 | AN20: 76 | AO20: 75 | AP20: 78 | AQ20: 77 | AR20: 100 | AS20: 43 | AT20: 19 | AU20: 36 | AV20: 2 | AW20: 1 | AX20: 50 | AY20: 71 | AZ20: 70 | BA20: 6 | BB20: 10 | BC20: 10 | BD20: 10 | BE20: 0 | BF20: 20 | BG20: 10 | BH20: 20 | BI20: 10 | BJ20: 20 | BK20: 20 | BL20: 10 | BM20: 64 | BN20: 78 | BO20: 75 | BP20: 22 | BQ20: 0 | BR20: 0 | BS20: 68 | BT20: 19 | BU20: 19 | BV20: 1 | BW20: 30 | BX20: 10 | BY20: 40 | BZ20: 40 | CA20: 20 | CB20: 0 | CC20: 0 | CD20: 30 | CE20: 70 | CF20: 10 | CG20: 0 | CH20: 72 | CI20: 66 | CJ20: 80 | CK20: 79 | CL20: 77 | CM20: 0 | CN20: 9 | CO20: 2 | CP20: 10 | CQ20: 10 | CR20: 20 | CS20: 20 | CT20: 0 | CU20: 0 | CV20: 0 | CW20: 0 | CX20: 0 | CY20: 50 | CZ20: 0 | DA20: 100
A21: Subj19 | B21: 2 | C21: 19 | D21: 7 | E21: 15 | F21: 4 | G21: 41 | H21: 8 | I21: 41 | J21: 53 | K21: 66 | L21: 100 | M21: 87 | N21: 100 | O21: 100 | P21: 55 | Q21: 38 | R21: 5 | S21: 2 | T21: 0 | U21: 0 | V21: 0 | W21: 0 | X21: 0 | Y21: 31 | Z21: 0 | AA21: 15 | AB21: 0 | AC21: 0 | AD21: 0 | AE21: 22 | AF21: 0 | AG21: 0 | AH21: 0 | AI21: 19 | AJ21: 0 | AK21: 15 | AL21: 12 | AM21: 70 | AN21: 23 | AO21: 54 | AP21: 67 | AQ21: 82 | AR21: 60 | AS21: 22 | AT21: 11 | AU21: 3 | AV21: 25 | AW21: 12 | AX21: 31 | AY21: 0 | AZ21: 22 | BA21: 7 | BB21: 12 | BC21: 0 | BD21: 0 | BE21: 0 | BF21: 0 | BG21: 0 | BH21: 0 | BI21: 41 | BJ21: 27 | BK21: 36 | BL21: 0 | BM21: 63 | BN21: 63 | BO21: 60 | BP21: 0 | BQ21: 57 | BR21: 56 | BS21: 64 | BT21: 54 | BU21: 9 | BV21: 34 | BW21: 7 | BX21: 9 | BY21: 22 | BZ21: 3 | CA21: 0 | CB21: 0 | CC21: 0 | CD21: 0 | CE21: 0 | CF21: 4 | CG21: 0 | CH21: 56 | CI21: 54 | CJ21: 0 | CK21: 54 | CL21: 34 | CM21: 26 | CN21: 26 | CO21: 0 | CP21: 10 | CQ21: 0 | CR21: 0 | CS21: 0 | CT21: 0 | CU21: 0 | CV21: 0 | CW21: 0 | CX21: 0 | CY21: 49 | CZ21: 0 | DA21: 61
A22: Subj20 | B22: 2 | C22: 51 | D22: 0 | E22: 0 | F22: 8 | G22: 76 | H22: 5 | I22: 1 | J22: 42 | K22: 0 | L22: 0 | M22: 51 | N22: 99 | O22: 0 | P22: 5 | Q22: 3 | R22: 2 | S22: 1 | T22: 49 | U22: 42 | V22: 31 | W22: 17 | X22: 66 | Y22: 27 | Z22: 48 | AA22: 4 | AB22: 5 | AC22: 2 | AD22: 26 | AE22: 33 | AF22: 33 | AG22: 49 | AH22: 39 | AI22: 22 | AJ22: 24 | AK22: 9 | AL22: 4 | AM22: 19 | AN22: 12 | AO22: 28 | AP22: 73 | AQ22: 0 | AR22: 0 | AS22: 22 | AT22: 63 | AU22: 3 | AV22: 5 | AW22: 4 | AX22: 46 | AY22: 0 | AZ22: 0 | BA22: 0 | BB22: 48 | BC22: 1 | BD22: 1 | BE22: 0 | BF22: 28 | BG22: 8 | BH22: 2 | BI22: 68 | BJ22: 2 | BK22: 1 | BL22: 24 | BM22: 7 | BN22: 0 | BO22: 0 | BP22: 0 | BQ22: 0 | BR22: 0 | BS22: 1 | BT22: 0 | BU22: 44 | BV22: 14 | BW22: 0 | BX22: 0 | BY22: 0 | BZ22: 0 | CA22: 1 | CB22: 1 | CC22: 3 | CD22: 1 | CE22: 3 | CF22: 2 | CG22: 2 | CH22: 0 | CI22: 67 | CJ22: 0 | CK22: 0 | CL22: 2 | CM22: 10 | CN22: 0 | CO22: 16 | CP22: 0 | CQ22: 1 | CR22: 1 | CS22: 1 | CT22: 0 | CU22: 0 | CV22: 19 | CW22: 74 | CX22: 99 | CY22: 42 | CZ22: 37 | DA22: 0
A23: Subj21 | B23: 6 | C23: 59 | D23: 6 | E23: 3 | F23: 4 | G23: 45 | H23: 8 | I23: 0 | J23: 35 | K23: 20 | L23: 13 | M23: 0 | N23: 26 | O23: 1 | P23: 0 | Q23: 0 | R23: 30 | S23: 0 | T23: 0 | U23: 8 | V23: 0 | W23: 0 | X23: 20 | Y23: 50 | Z23: 5 | AA23: 70 | AB23: 0 | AC23: 26 | AD23: 0 | AE23: 10 | AF23: 0 | AG23: 0 | AH23: 0 | AI23: 5 | AJ23: 0 | AK23: 5 | AL23: 20 | AM23: 0 | AN23: 0 | AO23: 0 | AP23: 100 | AQ23: 75 | AR23: 85 | AS23: 1 | AT23: 75 | AU23: VALUE! | AV23: 9 | AW23: 0 | AX23: 21 | AY23: 11 | AZ23: 0 | BA23: 72 | BB23: 20 | BC23: 20 | BD23: 0 | BE23: 5 | BF23: 0 | BG23: 0 | BH23: 0 | BI23: 0 | BJ23: 0 | BK23: 45 | BL23: 0 | BM23: 0 | BN23: 0 | BO23: 100 | BP23: 0 | BQ23: 100 | BR23: 81 | BS23: 100 | BT23: 6 | BU23: 7 | BV23: 46 | BW23: 0 | BX23: 0 | BY23: 0 | BZ23: 0 | CA23: 9 | CB23: 39 | CC23: 15 | CD23: 0 | CE23: 30 | CF23: 10 | CG23: 5 | CH23: 0 | CI23: 0 | CJ23: 0 | CK23: 0 | CL23: 46 | CM23: 22 | CN23: 5 | CO23: 0 | CP23: 20 | CQ23: 0 | CR23: 9 | CS23: 0 | CT23: 0 | CU23: 0 | CV23: 0 | CW23: 0 | CX23: 0 | CY23: 45 | CZ23: 0 | DA23: 13
A24: Q Type | B24: Recurring_Ideology | C24: Recurring_Ingroup | D24: Recurring_Ingroup | E24: Recurring_Ingroup | F24: Recurring_Ingroup | G24: Recurring_Ideology | H24: Recurring_Ingroup | I24: Recurring_Ideology | J24: Recurring_Ingroup | K24: Recurring_Ingroup | L24: OnlyOnce_Ingroup | M24: OnlyOnce_Ideology | N24: OnlyOnce_Ingroup | O24: OnlyOnce_Ingroup | P24: Recurring_Ingroup | Q24: Recurring_Ingroup | R24: Recurring_Ingroup | S24: Recurring_Ingroup | T24: Recurring_Ingroup | U24: Recurring_Ingroup | V24: Recurring_Ingroup | W24: Recurring_Ingroup | X24: Recurring_Ingroup | Y24: Recurring_Ingroup | Z24: Recurring_Ingroup | AA24: Recurring_Ingroup | AB24: Recurring_Ingroup | AC24: Recurring_Ingroup | AD24: Recurring_Ingroup | AE24: Recurring_Ingroup | AF24: Recurring_Ingroup | AG24: Recurring_Ingroup | AH24: Recurring_Ingroup | AI24: Recurring_Ingroup | AJ24: Recurring_Ingroup | AK24: Recurring_Ingroup | AL24: Recurring_Ingroup | AM24: OnlyOnce_Ingroup | AN24: OnlyOnce_Ideology | AO24: OnlyOnce_Ideology | AP24: OnlyOnce_Ideology | AQ24: OnlyOnce_Ideology | AR24: OnlyOnce_Ingroup | AS24: Recurring_Ingroup | AT24: Recurring_Ideology | AU24: Recurring_Ingroup | AV24: Recurring_Ideology | AW24: Recurring_Ingroup | AX24: OnlyOnce_Ideology | AY24: OnlyOnce_Ideology | AZ24: OnlyOnce_Ingroup | BA24: Recurring_Ingroup | BB24: Recurring_Ingroup | BC24: Recurring_Ingroup | BD24: Recurring_Ingroup | BE24: Recurring_Ingroup | BF24: Recurring_Ingroup | BG24: Recurring_Ingroup | BH24: Recurring_Ingroup | BI24: Recurring_Ingroup | BJ24: Recurring_Ingroup | BK24: Recurring_Ingroup | BL24: Recurring_Ingroup | BM24: OnlyOnce_Ingroup | BN24: OnlyOnce_Ideology | BO24: OnlyOnce_Ingroup | BP24: OnlyOnce_Ideology | BQ24: OnlyOnce_Ideology | BR24: OnlyOnce_Ingroup | BS24: OnlyOnce_Ideology | BT24: OnlyOnce_Ideology | BU24: Recurring_Ideology | BV24: Recurring_Ingroup | BW24: Recurring_Ingroup | BX24: Recurring_Ingroup | BY24: Recurring_Ingroup | BZ24: Recurring_Ingroup | CA24: Recurring_Ingroup | CB24: Recurring_Ingroup | CC24: Recurring_Ingroup | CD24: Recurring_Ingroup | CE24: Recurring_Ingroup | CF24: Recurring_Ingroup | CG24: Recurring_Ingroup | CH24: OnlyOnce_Ingroup | CI24: OnlyOnce_Ingroup | CJ24: OnlyOnce_Ideology | CK24: OnlyOnce_Ideology | CL24: Recurring_Ideology | CM24: Recurring_Ideology | CN24: Recurring_Ingroup | CO24: Recurring_Ingroup | CP24: Recurring_Ingroup | CQ24: Recurring_Ingroup | CR24: Recurring_Ingroup | CS24: Recurring_Ingroup | CT24: Recurring_Ingroup | CU24: Recurring_Ingroup | CV24: Recurring_Ingroup | CW24: Recurring_Ingroup | CX24: Recurring_Ingroup | CY24: Recurring_Ingroup | CZ24: Recurring_Ingroup | DA24: OnlyOnce_Ideology
A25: ingroup_grouping | J25: נפתלי בנט | K25: אילת שקד | Q25: כני גנץ | R25: יאיר לפיד | S25: בני גנץ | T25: בני גנץ | U25: בני גנץ | V25: בני גנץ | W25: בני גנץ | X25: בני גנץ | Y25: בני גנץ | Z25: בני גנץ | AA25: בני גנץ | AB25: בני גנץ | AC25: יאיר לפיד | AD25: יאיר לפיד | AE25: יאיר לפיד | AF25: יאיר לפיד | AG25: יאיר לפיד | AH25: יאיר לפיד | AI25: יאיר לפיד | AJ25: יאיר לפיד | AK25: יאיר לפיד | AL25: יאיר לפיד | BB25: תמר זנדברג | BC25: תמר זנדברג | BD25: תמר זנדברג | BE25: תמר זנדברג | BF25: תמר זנדברג | BG25: תמר זנדברג | BH25: תמר זנדברג | BI25: תמר זנדברג | BJ25: תמר זנדברג | BK25: תמר זנדברג | BL25: תמר זנדברג | BW25: בנימין נתניהו | BX25: בנימין נתניהו | BY25: בנימין נתניהו | BZ25: בנימין נתניהו | CA25: בנימין נתניהו | CB25: בנימין נתניהו | CC25: בנימין נתניהו | CD25: בנימין נתניהו | CE25: בנימין נתניהו | CF25: בנימין נתניהו | CG25: בנימין נתניהו | CP25: שלי יחימוביץ | CQ25: שלי יחימוביץ | CR25: שלי יחימוביץ | CS25: שלי יחימוביץ | CT25: שלי יחימוביץ | CU25: שלי יחימוביץ | CV25: שלי יחימוביץ | CW25: שלי יחימוביץ | CX25: שלי יחימוביץ | CY25: שלי יחימוביץ | CZ25: שלי יחימוביץ
B27: Q1 | C27: Q2 | D27: Q3 | E27: Q4 | F27: Q5 | G27: Q6 | H27: Q7 | I27: Q1 | J27: Q2 | K27: Q3 | L27: Q4 | M27: Q5 | N27: Q6 | O27: Q7 | P27: Q1 | AM27: Q24 | AN27: Q25 | AO27: Q26 | AP27: Q27 | AQ27: Q28 | AR27: Q29 | AS27: Q1 | AT27: Q2 | AU27: Q3 | AV27: Q4 | AW27: Q5 | AX27: Q6 | AY27: Q7 | AZ27: Q8 | BA27: Q1 | BM27: Q13 | BN27: Q14 | BO27: Q15 | BP27: Q16 | BQ27: Q17 | BR27: Q18 | BS27: Q19 | BT27: Q20 | BU27: Q1 | BV27: Q2 | CH27: Q14 | CI27: Q15 | CJ27: Q16 | CK27: Q17 | CL27: Q1 | CM27: Q2 | CN27: Q3 | CO27: Q4 | DA27: Q16
A28: Subj1 | B28: 26 | C28: 11 | D28: 20 | E28: 15 | F28: 1 | G28: 3 | H28: 4 | I28: 10 | J28: 36 | K28: 36 | L28: 58 | M28: 2 | N28: 81 | O28: 1 | P28: 12 | Q28: =AVERAGE(Q3,S3:AB3) -> 15.909091 | AC28: =AVERAGE(R3, AC3:AL3) -> 10.636364 | AM28: 1 | AN28: 1 | AO28: 1 | AP28: 87 | AQ28: 1 | AR28: 70 | AS28: 27 | AT28: 15 | AU28: 1 | AV28: 22 | AW28: 0 | AX28: 64 | AY28: 65 | AZ28: 60 | BA28: 26 | BB28: =AVERAGE(BB3:BL3) -> 2.2727273 | BM28: 64 | BN28: 1 | BO28: 100 | BP28: 60 | BQ28: 77 | BR28: 54 | BS28: 87 | BT28: 2 | BU28: 3 | BV28: 12 | BW28: =AVERAGE(BW3:CG3) -> 14.090909 | CH28: 1 | CI28: 73 | CJ28: 1 | CK28: 1 | CL28: 26 | CM28: 50 | CN28: 28 | CO28: 2 | CP28: =AVERAGE(CP3:CZ3) -> 9.3636364 | DA28: 13
A29: Subj2 | B29: 17 | C29: 8 | D29: 2 | E29: 0 | F29: 4 | G29: 32 | H29: 2 | I29: 35 | J29: 20 | K29: 5 | L29: 16 | M29: 27 | N29: 95 | O29: 5 | P29: 16 | Q29: =AVERAGE(Q4,S4:AB4) -> 10.454545 | AC29: =AVERAGE(R4, AC4:AL4) -> 19.545455 | AM29: 97 | AN29: 3 | AO29: 77 | AP29: 14 | AQ29: 16 | AR29: 27 | AS29: 4 | AT29: 10 | AU29: 85 | AV29: 8 | AW29: 2 | AX29: 89 | AY29: 75 | AZ29: 85 | BA29: 3 | BB29: =AVERAGE(BB4:BL4) -> 2.7272727 | BM29: 6 | BN29: 14 | BO29: 26 | BP29: 0 | BQ29: 0 | BR29: 96 | BS29: 22 | BT29: 75 | BU29: 13 | BV29: 59 | BW29: =AVERAGE(BW4:CG4) -> 9.0909091 | CH29: 3 | CI29: 5 | CJ29: 4 | CK29: 3 | CL29: 24 | CM29: 61 | CN29: 2 | CO29: 6 | CP29: =AVERAGE(CP4:CZ4) -> 1.8181818 | DA29: 52
A30: Subj3 | B30: 12 | C30: 13 | D30: 40 | E30: 2 | F30: 5 | G30: 9 | H30: 2 | I30: 28 | J30: 5 | K30: 30 | L30: 58 | M30: 0 | N30: 68 | O30: 40 | P30: 7 | Q30: =AVERAGE(Q5,S5:AB5) -> 31.818182 | AC30: =AVERAGE(R5, AC5:AL5) -> 34 | AM30: 0 | AN30: 0 | AO30: 0 | AP30: 13 | AQ30: 100 | AR30: 100 | AS30: 7 | AT30: 22 | AU30: 13 | AV30: 34 | AW30: 3 | AX30: 80 | AY30: 0 | AZ30: 0 | BA30: 10 | BB30: =AVERAGE(BB5:BL5) -> 11.727273 | BM30: 37 | BN30: 0 | BO30: 100 | BP30: 0 | BQ30: 68 | BR30: 0 | BS30: 100 | BT30: 0 | BU30: 10 | BV30: 2 | BW30: =AVERAGE(BW5:CG5) -> 29.545455 | CH30: 40 | CI30: 0 | CJ30: 14 | CK30: 20 | CL30: 14 | CM30: 22 | CN30: 0 | CO30: 8 | CP30: =AVERAGE(CP5:CZ5) -> 17.636364 | DA30: 33
A31: Subj4 | B31: 6 | C31: 7 | D31: 11 | E31: 27 | F31: 12 | G31: 3 | H31: 19 | I31: 13 | J31: 41 | K31: 45 | L31: 24 | M31: 32 | N31: 55 | O31: 40 | P31: 30 | Q31: =AVERAGE(Q6,S6:AB6) -> 11.909091 | AC31: =AVERAGE(R6, AC6:AL6) -> 13 | AM31: 33 | AN31: 20 | AO31: 16 | AP31: 34 | AQ31: 65 | AR31: 71 | AS31: 30 | AT31: 2 | AU31: 0 | AV31: 18 | AW31: 29 | AX31: 53 | AY31: 32 | AZ31: 23 | BA31: 20 | BB31: =AVERAGE(BB6:BL6) -> 14.727273 | BM31: 65 | BN31: 66 | BO31: 74 | BP31: 35 | BQ31: 35 | BR31: 33 | BS31: 64 | BT31: 61 | BU31: 6 | BV31: 4 | BW31: =AVERAGE(BW6:CG6) -> 25.272727 | CH31: 18 | CI31: 27 | CJ31: 25 | CK31: 28 | CL31: 44 | CM31: 13 | CN31: 13 | CO31: 8 | CP31: =AVERAGE(CP6:CZ6) -> 9.1818182 | DA31: 26
A32: Subj5 | B32: 19 | C32: 13 | D32: 2 | E32: 9 | F32: 2 | G32: 9 | H32: 29 | I32: 12 | J32: 77 | K32: 7 | L32: 45 | M32: 60 | N32: 89 | O32: 50 | P32: 31 | Q32: =AVERAGE(Q7,S7:AB7) -> 18.636364 | AC32: =AVERAGE(R7, AC7:AL7) -> 17.545455 | AM32: 43 | AN32: 17 | AO32: 15 | AP32: 73 | AQ32: 71 | AR32: 74 | AS32: 6 | AT32: 14 | AU32: 15 | AV32: 1 | AW32: 0 | AX32: 3 | AY32: 7 | AZ32: 0 | BA32: 11 | BB32: =AVERAGE(BB7:BL7) -> 21.090909 | BM32: 8 | BN32: 55 | BO32: 55 | BP32: 66 | BQ32: 67 | BR32: 48 | BS32: 50 | BT32: 58 | BU32: 19 | BV32: 40 | BW32: =AVERAGE(BW7:CG7) -> 28.454545 | CH32: 10 | CI32: 14 | CJ32: 10 | CK32: 25 | CL32: 7 | CM32: 6 | CN32: 52 | CO32: 8 | CP32: =AVERAGE(CP7:CZ7) -> 8.5454545 | DA32: 0
A33: Subj6 | B33: 2 | C33: 35 | D33: 9 | E33: 24 | F33: 12 | G33: 27 | H33: 4 | I33: 93 | J33: 49 | K33: 79 | L33: 65 | M33: 49 | N33: 94 | O33: 90 | P33: 33 | Q33: =AVERAGE(Q8,S8:AB8) -> 10.090909 | AC33: =AVERAGE(R8, AC8:AL8) -> 15.454545 | AM33: 69 | AN33: 0 | AO33: 26 | AP33: 68 | AQ33: 38 | AR33: 85 | AS33: 16 | AT33: 14 | AU33: 57 | AV33: 8 | AW33: 25 | AX33: 98 | AY33: 99 | AZ33: 0 | BA33: 1 | BB33: =AVERAGE(BB8:BL8) -> 12 | BM33: 1 | BN33: 3 | BO33: 55 | BP33: 56 | BQ33: 68 | BR33: 33 | BS33: 58 | BT33: 59 | BU33: 40 | BV33: 0 | BW33: =AVERAGE(BW8:CG8) -> 21.363636 | CH33: 2 | CI33: 16 | CJ33: 0 | CK33: 0 | CL33: 23 | CM33: 4 | CN33: 32 | CO33: 66 | CP33: =AVERAGE(CP8:CZ8) -> 14.272727 | DA33: 0
A34: Subj7 | B34: 17 | C34: 23 | D34: 3 | E34: 1 | F34: 36 | G34: 13 | H34: 20 | I34: 18 | J34: 32 | K34: 12 | L34: 20 | M34: 11 | N34: 76 | O34: 65 | P34: 47 | Q34: =AVERAGE(Q9,S9:AB9) -> 19.181818 | AC34: =AVERAGE(R9, AC9:AL9) -> 9.7272727 | AM34: 65 | AN34: 23 | AO34: 21 | AP34: 75 | AQ34: 67 | AR34: 81 | AS34: 24 | AT34: 42 | AU34: 18 | AV34: 6 | AW34: 22 | AX34: 68 | AY34: 65 | AZ34: 76 | BA34: 38 | BB34: =AVERAGE(BB9:BL9) -> 12.363636 | BM34: 36 | BN34: 77 | BO34: 79 | BP34: 64 | BQ34: 74 | BR34: 97 | BS34: 73 | BT34: 73 | BU34: 61 | BV34: 7 | BW34: =AVERAGE(BW9:CG9) -> 28.545455 | CH34: 78 | CI34: 78 | CJ34: 60 | CK34: 69 | CL34: 15 | CM34: 7 | CN34: 17 | CO34: 14 | CP34: =AVERAGE(CP9:CZ9) -> 21.454545 | DA34: 71
A35: Subj8 | B35: 0 | C35: 3 | D35: 0 | E35: 39 | F35: 0 | G35: 20 | H35: 7 | I35: 19 | J35: 100 | K35: 54 | L35: 83 | M35: 0 | N35: 100 | O35: 0 | P35: 76 | Q35: =AVERAGE(Q10,S10:AB10) -> 66.181818 | AC35: =AVERAGE(R10, AC10:AL10) -> 42 | AM35: 0 | AN35: 0 | AO35: 0 | AP35: 0 | AQ35: 35 | AR35: 56 | AS35: 0 | AT35: 0 | AU35: 0 | AV35: 23 | AW35: 0 | AX35: 0 | AY35: 100 | AZ35: 0 | BA35: 25 | BB35: =AVERAGE(BB10:BL10) -> 6.9090909 | BM35: 10 | BN35: 0 | BO35: 0 | BP35: 0 | BQ35: 0 | BR35: 0 | BS35: 74 | BT35: 76 | BU35: 49 | BV35: 28 | BW35: =AVERAGE(BW10:CG10) -> 31.181818 | CH35: 0 | CI35: 0 | CJ35: 0 | CK35: 0 | CL35: 1 | CM35: 23 | CN35: 0 | CO35: 14 | CP35: =AVERAGE(CP10:CZ10) -> 27.909091 | DA35: 0
A36: Subj9 | B36: 23 | C36: 29 | D36: 10 | E36: 18 | F36: 31 | G36: 2 | H36: 41 | I36: 42 | J36: 20 | K36: 32 | L36: 24 | M36: 33 | N36: 87 | O36: 2 | P36: 32 | Q36: =AVERAGE(Q11,S11:AB11) -> 23.727273 | AC36: =AVERAGE(R11, AC11:AL11) -> 17.545455 | AM36: 82 | AN36: 80 | AO36: 0 | AP36: 56 | AQ36: 98 | AR36: 95 | AS36: 2 | AT36: 18 | AU36: 0 | AV36: 3 | AW36: 12 | AX36: 79 | AY36: 81 | AZ36: 11 | BA36: 15 | BB36: =AVERAGE(BB11:BL11) -> 14.909091 | BM36: 32 | BN36: 57 | BO36: 84 | BP36: 43 | BQ36: 100 | BR36: 35 | BS36: 77 | BT36: 35 | BU36: 24 | BV36: 66 | BW36: =AVERAGE(BW11:CG11) -> 24.454545 | CH36: 10 | CI36: 0 | CJ36: 0 | CK36: 0 | CL36: 3 | CM36: 25 | CN36: 6 | CO36: 43 | CP36: =AVERAGE(CP11:CZ11) -> 11.363636 | DA36: 4
A37: Subj10 | B37: 0 | C37: 0 | D37: 3 | E37: 0 | F37: 2 | G37: 57 | H37: 4 | I37: 45 | J37: 0 | K37: 50 | L37: 8 | M37: 46 | N37: 58 | O37: 27 | P37: 79 | Q37: =AVERAGE(Q12,S12:AB12) -> 44.636364 | AC37: =AVERAGE(R12, AC12:AL12) -> 31.545455 | AM37: 78 | AN37: 0 | AO37: 28 | AP37: 100 | AQ37: 80 | AR37: 67 | AS37: 0 | AT37: 0 | AU37: VALUE! | AV37: 0 | AW37: 6 | AX37: 52 | AY37: 100 | AZ37: 7 | BA37: 38 | BB37: =AVERAGE(BB12:BL12) -> 22.545455 | BM37: 14 | BN37: 50 | BO37: 83 | BP37: 75 | BQ37: 77 | BR37: 57 | BS37: 82 | BT37: 65 | BU37: 0 | BV37: 0 | BW37: =AVERAGE(BW12:CG12) -> 0 | CH37: 0 | CI37: 0 | CJ37: 0 | CK37: 0 | CL37: 11 | CM37: 68 | CN37: 4 | CO37: 14 | CP37: =AVERAGE(CP12:CZ12) -> 13.545455 | DA37: 0
A38: Subj11 | B38: 99 | C38: 12 | D38: 15 | E38: 18 | F38: 30 | G38: 3 | H38: 44 | I38: 69 | J38: 90 | K38: 85 | L38: 95 | M38: 100 | N38: 100 | O38: 94 | P38: 71 | Q38: =AVERAGE(Q13,S13:AB13) -> 9.0909091 | AC38: =AVERAGE(R13, AC13:AL13) -> 9.8181818 | AM38: 0 | AN38: 0 | AO38: 3 | AP38: 14 | AQ38: 10 | AR38: 12 | AS38: 7 | AT38: 10 | AU38: 0 | AV38: 0 | AW38: 76 | AX38: 52 | AY38: 3 | AZ38: 0 | BA38: 0 | BB38: =AVERAGE(BB13:BL13) -> 16.818182 | BM38: 0 | BN38: 3 | BO38: 5 | BP38: 0 | BQ38: 0 | BR38: 50 | BS38: 0 | BT38: 0 | BU38: 10 | BV38: 37 | BW38: =AVERAGE(BW13:CG13) -> 9.5454545 | CH38: 0 | CI38: 16 | CJ38: 0 | CK38: 13 | CL38: 55 | CM38: 100 | CN38: 0 | CO38: 1 | CP38: =AVERAGE(CP13:CZ13) -> 10.909091 | DA38: 10
A39: Subj12 | B39: 22 | C39: 57 | D39: 5 | E39: 7 | F39: 18 | G39: 18 | H39: 0 | I39: 14 | J39: 15 | K39: 43 | L39: 89 | M39: 18 | N39: 83 | O39: 94 | P39: 11 | Q39: =AVERAGE(Q14,S14:AB14) -> 26.818182 | AC39: =AVERAGE(R14, AC14:AL14) -> 19.363636 | AM39: 19 | AN39: 10 | AO39: 5 | AP39: 33 | AQ39: 65 | AR39: 77 | AS39: 57 | AT39: 51 | AU39: 18 | AV39: 25 | AW39: 6 | AX39: 78 | AY39: 82 | AZ39: 28 | BA39: 10 | BB39: =AVERAGE(BB14:BL14) -> 24 | BM39: 10 | BN39: 14 | BO39: 94 | BP39: 9 | BQ39: 84 | BR39: 3 | BS39: 62 | BT39: 33 | BU39: 11 | BV39: 6 | BW39: =AVERAGE(BW14:CG14) -> 21.272727 | CH39: 10 | CI39: 18 | CJ39: 14 | CK39: 16 | CL39: 53 | CM39: 39 | CN39: 17 | CO39: 71 | CP39: =AVERAGE(CP14:CZ14) -> 19.090909 | DA39: 24
A40: Subj13 | B40: 41 | C40: 11 | D40: 45 | E40: 43 | F40: 20 | G40: 56 | H40: 33 | I40: 0 | J40: 1 | K40: 2 | L40: 16 | M40: 65 | N40: 90 | O40: 8 | P40: 70 | Q40: =AVERAGE(Q15,S15:AB15) -> 7 | AC40: =AVERAGE(R15, AC15:AL15) -> 9.0909091 | AM40: 84 | AN40: 26 | AO40: 12 | AP40: 72 | AQ40: 88 | AR40: 69 | AS40: 0 | AT40: 31 | AU40: 0 | AV40: 16 | AW40: 15 | AX40: 78 | AY40: 16 | AZ40: 0 | BA40: 10 | BB40: =AVERAGE(BB15:BL15) -> 22.272727 | BM40: 86 | BN40: 98 | BO40: 88 | BP40: 16 | BQ40: 87 | BR40: 6 | BS40: 87 | BT40: 21 | BU40: 11 | BV40: 16 | BW40: =AVERAGE(BW15:CG15) -> 33.363636 | CH40: 7 | CI40: 3 | CJ40: 8 | CK40: 75 | CL40: 13 | CM40: 36 | CN40: 19 | CO40: 18 | CP40: =AVERAGE(CP15:CZ15) -> 7.0909091 | DA40: 15
A41: Subj14 | B41: 6 | C41: 6 | D41: 6 | E41: 4 | F41: 3 | G41: 31 | H41: 7 | I41: 46 | J41: 54 | K41: 86 | L41: 66 | M41: 83 | N41: 88 | O41: 71 | P41: 33 | Q41: =AVERAGE(Q16,S16:AB16) -> 16.909091 | AC41: =AVERAGE(R16, AC16:AL16) -> 21.545455 | AM41: 14 | AN41: 10 | AO41: 11 | AP41: 22 | AQ41: 28 | AR41: 13 | AS41: 36 | AT41: 7 | AU41: 6 | AV41: 38 | AW41: 31 | AX41: 22 | AY41: 10 | AZ41: 18 | BA41: 4 | BB41: =AVERAGE(BB16:BL16) -> 17.727273 | BM41: 14 | BN41: 10 | BO41: 15 | BP41: 16 | BQ41: 16 | BR41: 34 | BS41: 20 | BT41: 18 | BU41: 2 | BV41: 24 | BW41: =AVERAGE(BW16:CG16) -> 17.636364 | CH41: 14 | CI41: 30 | CJ41: 14 | CK41: 18 | CL41: 5 | CM41: 15 | CN41: 7 | CO41: 6 | CP41: =AVERAGE(CP16:CZ16) -> 19.272727 | DA41: 21
A42: Subj15 | B42: 7 | C42: 1 | D42: 11 | E42: 47 | F42: 32 | G42: 0 | H42: 12 | I42: 17 | J42: 43 | K42: 21 | L42: 0 | M42: 0 | N42: 64 | O42: 70 | P42: 39 | Q42: =AVERAGE(Q17,S17:AB17) -> 13.727273 | AC42: =AVERAGE(R17, AC17:AL17) -> 16.181818 | AM42: 0 | AN42: 0 | AO42: 0 | AP42: 0 | AQ42: 82 | AR42: 82 | AS42: 0 | AT42: 2 | AU42: VALUE! | AV42: 26 | AW42: 12 | AX42: 0 | AY42: 72 | AZ42: 20 | BA42: 39 | BB42: =AVERAGE(BB17:BL17) -> 11.272727 | BM42: 5 | BN42: 9 | BO42: 100 | BP42: 0 | BQ42: 0 | BR42: 22 | BS42: 83 | BT42: 69 | BU42: 58 | BV42: 0 | BW42: =AVERAGE(BW17:CG17) -> 25 | CH42: 0 | CI42: 0 | CJ42: 0 | CK42: 0 | CL42: 9 | CM42: 19 | CN42: 33 | CO42: 1 | CP42: =AVERAGE(CP17:CZ17) -> 17.272727 | DA42: 1
A43: Subj16 | B43: 22 | C43: 14 | D43: 7 | E43: 2 | F43: 17 | G43: 10 | H43: 15 | I43: 34 | J43: 20 | K43: 10 | L43: 69 | M43: 0 | N43: 99 | O43: 76 | P43: 36 | Q43: =AVERAGE(Q18,S18:AB18) -> 40.545455 | AC43: =AVERAGE(R18, AC18:AL18) -> 17.181818 | AM43: 0 | AN43: 43 | AO43: 63 | AP43: 100 | AQ43: 48 | AR43: 81 | AS43: 2 | AT43: 1 | AU43: VALUE! | AV43: 19 | AW43: 33 | AX43: 74 | AY43: 51 | AZ43: 40 | BA43: 15 | BB43: =AVERAGE(BB18:BL18) -> 10.181818 | BM43: 0 | BN43: 18 | BO43: 75 | BP43: 22 | BQ43: 86 | BR43: 0 | BS43: 64 | BT43: 73 | BU43: 8 | BV43: 7 | BW43: =AVERAGE(BW18:CG18) -> 26.454545 | CH43: 59 | CI43: 43 | CJ43: 18 | CK43: 45 | CL43: 59 | CM43: 46 | CN43: 50 | CO43: 20 | CP43: =AVERAGE(CP18:CZ18) -> 10.545455 | DA43: 58
A44: Subj17 | B44: 38 | C44: 58 | D44: 30 | E44: 9 | F44: 12 | G44: 0 | H44: 8 | I44: 4 | J44: 5 | K44: 58 | L44: 70 | M44: 63 | N44: 57 | O44: 75 | P44: 90 | Q44: =AVERAGE(Q19,S19:AB19) -> 17.727273 | AC44: =AVERAGE(R19, AC19:AL19) -> 25.454545 | AM44: 13 | AN44: 63 | AO44: 59 | AP44: 25 | AQ44: 23 | AR44: 71 | AS44: 55 | AT44: 54 | AU44: 36 | AV44: 23 | AW44: 32 | AX44: 82 | AY44: 79 | AZ44: 61 | BA44: 62 | BB44: =AVERAGE(BB19:BL19) -> 25.181818 | BM44: 0 | BN44: 32 | BO44: 0 | BP44: 0 | BQ44: 0 | BR44: 24 | BS44: 68 | BT44: 24 | BU44: 56 | BV44: 24 | BW44: =AVERAGE(BW19:CG19) -> 35.818182 | CH44: 35 | CI44: 38 | CJ44: 35 | CK44: 59 | CL44: 0 | CM44: 100 | CN44: 25 | CO44: 35 | CP44: =AVERAGE(CP19:CZ19) -> 18.181818 | DA44: 78
A45: Subj18 | B45: 8 | C45: 29 | D45: 0 | E45: 0 | F45: 23 | G45: 77 | H45: 36 | I45: 12 | J45: 40 | K45: 40 | L45: 70 | M45: 74 | N45: 46 | O45: 72 | P45: 19 | Q45: =AVERAGE(Q20,S20:AB20) -> 20.909091 | AC45: =AVERAGE(R20, AC20:AL20) -> 16.363636 | AM45: 68 | AN45: 76 | AO45: 75 | AP45: 78 | AQ45: 77 | AR45: 100 | AS45: 43 | AT45: 19 | AU45: 36 | AV45: 2 | AW45: 1 | AX45: 50 | AY45: 71 | AZ45: 70 | BA45: 6 | BB45: =AVERAGE(BB20:BL20) -> 12.727273 | BM45: 64 | BN45: 78 | BO45: 75 | BP45: 22 | BQ45: 0 | BR45: 0 | BS45: 68 | BT45: 19 | BU45: 19 | BV45: 1 | BW45: =AVERAGE(BW20:CG20) -> 22.727273 | CH45: 72 | CI45: 66 | CJ45: 80 | CK45: 79 | CL45: 77 | CM45: 0 | CN45: 9 | CO45: 2 | CP45: =AVERAGE(CP20:CZ20) -> 10 | DA45: 100
A46: Subj19 | B46: 2 | C46: 19 | D46: 7 | E46: 15 | F46: 4 | G46: 41 | H46: 8 | I46: 41 | J46: 53 | K46: 66 | L46: 100 | M46: 87 | N46: 100 | O46: 100 | P46: 55 | Q46: =AVERAGE(Q21,S21:AB21) -> 7.8181818 | AC46: =AVERAGE(R21, AC21:AL21) -> 6.6363636 | AM46: 70 | AN46: 23 | AO46: 54 | AP46: 67 | AQ46: 82 | AR46: 60 | AS46: 22 | AT46: 11 | AU46: 3 | AV46: 25 | AW46: 12 | AX46: 31 | AY46: 0 | AZ46: 22 | BA46: 7 | BB46: =AVERAGE(BB21:BL21) -> 10.545455 | BM46: 63 | BN46: 63 | BO46: 60 | BP46: 0 | BQ46: 57 | BR46: 56 | BS46: 64 | BT46: 54 | BU46: 9 | BV46: 34 | BW46: =AVERAGE(BW21:CG21) -> 4.0909091 | CH46: 56 | CI46: 54 | CJ46: 0 | CK46: 54 | CL46: 34 | CM46: 26 | CN46: 26 | CO46: 0 | CP46: =AVERAGE(CP21:CZ21) -> 5.3636364 | DA46: 61
A47: Subj20 | B47: 2 | C47: 51 | D47: 0 | E47: 0 | F47: 8 | G47: 76 | H47: 5 | I47: 1 | J47: 42 | K47: 0 | L47: 0 | M47: 51 | N47: 99 | O47: 0 | P47: 5 | Q47: =AVERAGE(Q22,S22:AB22) -> 26.636364 | AC47: =AVERAGE(R22, AC22:AL22) -> 22.090909 | AM47: 19 | AN47: 12 | AO47: 28 | AP47: 73 | AQ47: 0 | AR47: 0 | AS47: 22 | AT47: 63 | AU47: 3 | AV47: 5 | AW47: 4 | AX47: 46 | AY47: 0 | AZ47: 0 | BA47: 0 | BB47: =AVERAGE(BB22:BL22) -> 16.636364 | BM47: 7 | BN47: 0 | BO47: 0 | BP47: 0 | BQ47: 0 | BR47: 0 | BS47: 1 | BT47: 0 | BU47: 44 | BV47: 14 | BW47: =AVERAGE(BW22:CG22) -> 1.1818182 | CH47: 0 | CI47: 67 | CJ47: 0 | CK47: 0 | CL47: 2 | CM47: 10 | CN47: 0 | CO47: 16 | CP47: =AVERAGE(CP22:CZ22) -> 24.909091 | DA47: 0
A48: Subj21 | B48: 6 | C48: 59 | D48: 6 | E48: 3 | F48: 4 | G48: 45 | H48: 8 | I48: 0 | J48: 35 | K48: 20 | L48: 13 | M48: 0 | N48: 26 | O48: 1 | P48: 0 | Q48: =AVERAGE(Q23,S23:AB23) -> 13.909091 | AC48: =AVERAGE(R23, AC23:AL23) -> 8.7272727 | AM48: 0 | AN48: 0 | AO48: 0 | AP48: 100 | AQ48: 75 | AR48: 85 | AS48: 1 | AT48: 75 | AU48: VALUE! | AV48: 9 | AW48: 0 | AX48: 21 | AY48: 11 | AZ48: 0 | BA48: 72 | BB48: =AVERAGE(BB23:BL23) -> 8.1818182 | BM48: 0 | BN48: 0 | BO48: 100 | BP48: 0 | BQ48: 100 | BR48: 81 | BS48: 100 | BT48: 6 | BU48: 7 | BV48: 46 | BW48: =AVERAGE(BW23:CG23) -> 9.8181818 | CH48: 0 | CI48: 0 | CJ48: 0 | CK48: 0 | CL48: 46 | CM48: 22 | CN48: 5 | CO48: 0 | CP48: =AVERAGE(CP23:CZ23) -> 6.7272727 | DA48: 13
A49: Q Type | B49: Recurring_Ideology | C49: Recurring_Ingroup | D49: Recurring_Ingroup | E49: Recurring_Ingroup | F49: Recurring_Ingroup | G49: Recurring_Ideology | H49: Recurring_Ingroup | I49: Recurring_Ideology | J49: Recurring_Ingroup | K49: Recurring_Ingroup | L49: OnlyOnce_Ingroup | M49: OnlyOnce_Ideology | N49: OnlyOnce_Ingroup | O49: OnlyOnce_Ingroup | P49: Recurring_Ingroup | Q49: ingroup | AC49: ingroup | AM49: OnlyOnce_Ingroup | AN49: OnlyOnce_Ideology | AO49: OnlyOnce_Ideology | AP49: OnlyOnce_Ideology | AQ49: OnlyOnce_Ideology | AR49: OnlyOnce_Ingroup | AS49: Recurring_Ingroup | AT49: Recurring_Ideology | AU49: Recurring_Ingroup | AV49: Recurring_Ideology | AW49: Recurring_Ingroup | AX49: OnlyOnce_Ideology | AY49: OnlyOnce_Ideology | AZ49: OnlyOnce_Ingroup | BA49: Recurring_Ingroup | BB49: ingroup | BM49: OnlyOnce_Ingroup | BN49: OnlyOnce_Ideology | BO49: OnlyOnce_Ingroup | BP49: OnlyOnce_Ideology | BQ49: OnlyOnce_Ideology | BR49: OnlyOnce_Ingroup | BS49: OnlyOnce_Ideology | BT49: OnlyOnce_Ideology | BU49: Recurring_Ideology | BV49: Recurring_Ingroup | BW49: ingroup | CH49: OnlyOnce_Ingroup | CI49: OnlyOnce_Ingroup | CJ49: OnlyOnce_Ideology | CK49: OnlyOnce_Ideology | CL49: Recurring_Ideology | CM49: Recurring_Ideology | CN49: Recurring_Ingroup | CO49: Recurring_Ingroup | CP49: ingroup | DA49: OnlyOnce_Ideology
J50: נפתלי בנט | K50: אילת שקד | Q50: בני גנץ | AC50: יאיר לפיד | BB50: תמר זנדברג | BW50: בנימין נתניהו | CP50: שלי יחימוביץ
B51: ideology | C51: ingroup | D51: ingroup | E51: ingroup | F51: ingroup | G51: ideology | H51: ingroup | I51: ideology | J51: ingroup | K51: ingroup | L51: ingroup | M51: ideology | N51: ingroup | O51: ingroup | P51: ingroup | Q51: ingroup | AC51: ingroup | AM51: ingroup | AN51: ideology | AO51: ideology | AP51: ideology | AQ51: ideology | AR51: ingroup | AS51: ingroup | AT51: ideology | AU51: ingroup | AV51: ideology | AW51: ingroup | AX51: ideology | AY51: ideology | AZ51: ingroup | BA51: ingroup | BB51: ingroup | BM51: ingroup | BN51: ideology | BO51: ingroup | BP51: ideology | BQ51: ideology | BR51: ingroup | BS51: ideology | BT51: ideology | BU51: ideology | BV51: ingroup | BW51: ingroup | CH51: ingroup | CI51: ingroup | CJ51: ideology | CK51: ideology | CL51: ideology | CM51: ideology | CN51: ingroup | CO51: ingroup | CP51: ingroup | DA51: ideology
B53: Neutral | I53: Yamin Hadash | P53: Gantz-Lapid | AS53: Likud | BA53: Meretz-Avoda | BU53: Bibi's Indictment | CL53: Sheli-Rabin
B54: Q1 | C54: Q2 | D54: Q3 | E54: Q4 | F54: Q5 | G54: Q6 | H54: Q7 | I54: Q1 | J54: Q2 | K54: Q3 | L54: Q4 | M54: Q5 | N54: Q6 | O54: Q7 | P54: Q1 | Q54: Q2 | R54: Q3 | S54: Q4 | T54: Q5 | U54: Q6 | V54: Q7 | W54: Q8 | X54: Q9 | Y54: Q10 | Z54: Q11 | AA54: Q12 | AB54: Q13 | AC54: Q14 | AD54: Q15 | AE54: Q16 | AF54: Q17 | AG54: Q18 | AH54: Q19 | AI54: Q20 | AJ54: Q21 | AK54: Q22 | AL54: Q23 | AM54: Q24 | AN54: Q25 | AO54: Q26 | AP54: Q27 | AQ54: Q28 | AR54: Q29 | AS54: Q1 | AT54: Q2 | AU54: Q3 | AV54: Q4 | AW54: Q5 | AX54: Q6 | AY54: Q7 | AZ54: Q8 | BA54: Q1 | BB54: Q2 | BC54: Q3 | BD54: Q4 | BE54: Q5 | BF54: Q6 | BG54: Q7 | BH54: Q8 | BI54: Q9 | BJ54: Q10 | BK54: Q11 | BL54: Q12 | BM54: Q13 | BN54: Q14 | BO54: Q15 | BP54: Q16 | BQ54: Q17 | BR54: Q18 | BS54: Q19 | BT54: Q20 | BU54: Q1 | BV54: Q2 | BW54: Q3 | BX54: Q4 | BY54: Q5 | BZ54: Q6 | CA54: Q7 | CB54: Q8 | CC54: Q9 | CD54: Q10 | CE54: Q11 | CF54: Q12 | CG54: Q13 | CH54: Q14 | CI54: Q15 | CJ54: Q16 | CK54: Q17 | CL54: Q1 | CM54: Q2 | CN54: Q3 | CO54: Q4 | CP54: Q5 | CQ54: Q6 | CR54: Q7 | CS54: Q8 | CT54: Q9 | CU54: Q10 | CV54: Q11 | CW54: Q12 | CX54: Q13 | CY54: Q14 | CZ54: Q15 | DA54: Q16
B56: ICC values general | C56: ICC values ingroup | D56: ICC values ideology | I56: ICC values general | J56: ICC values ingroup | K56: ICC values ideology | P56: ICC values general | Q56: ICC values ingroup | R56: ICC values ideology | AS56: ICC values general | AT56: ICC values ingroup | AU56: ICC values ideology | BA56: ICC values general | BB56: ICC values ingroup | BC56: ICC values ideology | BU56: ICC values general | BV56: ICC values ingroup | BW56: ICC values ideology | CL56: ICC values general | CM56: ICC values ingroup | CN56: ICC values ideology
A57: my calculations | B57: =AVERAGE(B28:H28) -> 11.428571 | C57: =AVERAGE(C28:F28,H28) -> 10.2 | D57: =AVERAGE(B28,G28) -> 14.5 | I57: =AVERAGE(I28:O28) -> 32 | J57: =AVERAGE(J28,K28,L28,N28,O28) -> 42.4 | K57: =AVERAGE(I28, M28) -> 6 | P57: =AVERAGE(P28:AR28) -> 22.171717 | Q57: =AVERAGE(P28, Q28, AC28, AM28, AR28) -> 21.909091 | R57: =AVERAGE(AN28, AO28, AP28, AQ28) -> 22.5 | AS57: =AVERAGE(AS28:AZ28) -> 31.75 | AT57: =AVERAGE(AS28, AU28, AW28, AZ28) -> 22 | AU57: =AVERAGE(AT28, AV28, AX28, AY28) -> 41.5 | BA57: =AVERAGE(BA28:BT28) -> 47.327273 | BB57: =AVERAGE(BA28, BB28, BM28, BO28, BR28) -> 49.254545 | BC57: =AVERAGE(BN28, BP28, BQ28, BS28, BT28) -> 45.4 | BU57: =AVERAGE(BU28:CK28) -> 15.012987 | BV57: =AVERAGE(BV28, BW28, CH28, CI28) -> 25.022727 | BW57: =AVERAGE(BU28, CJ28, CK28) -> 1.6666667 | CL57: =AVERAGE(CL28:DA28) -> 21.393939 | CM57: =AVERAGE(CN28, CO28, CP28) -> 13.121212 | CN57: =AVERAGE(CL28, CM28, DA28) -> 29.666667
